Date,SWITZERLAND LARGE CAP Large Cap
2001-01-01,589.763
2001-01-02,594.458
2001-01-03,594.011
2001-01-04,593.262
2001-01-05,584.162
2001-01-08,582.13
2001-01-09,575.359
2001-01-10,567.702
2001-01-11,571.691
2001-01-12,566.916
2001-01-15,563.971
2001-01-16,564.536
2001-01-17,565.531
2001-01-18,573.915
2001-01-19,562.911
2001-01-22,562.832
2001-01-23,565.889
2001-01-24,560.28
2001-01-25,563.023
2001-01-26,567.223
2001-01-29,567.221
2001-01-30,571.476
2001-01-31,573.174
2001-02-01,571.625
2001-02-02,568.426
2001-02-05,575.22
2001-02-06,571.023
2001-02-07,569.785
2001-02-08,556.638
2001-02-09,558.883
2001-02-12,559.276
2001-02-13,554.598
2001-02-14,547.482
2001-02-15,542.607
2001-02-16,539.528
2001-02-19,543.545
2001-02-20,533.643
2001-02-21,531.698
2001-02-22,531.081
2001-02-23,526.928
2001-02-26,530.692
2001-02-27,536.307
2001-02-28,536.951
2001-03-01,534.114
2001-03-02,535.409
2001-03-05,535.597
2001-03-06,538.565
2001-03-07,535.501
2001-03-08,534.124
2001-03-09,530.98
2001-03-12,521.206
2001-03-13,512.947
2001-03-14,499.932
2001-03-15,501.062
2001-03-16,484.375
2001-03-19,480.37
2001-03-20,485.164
2001-03-21,476.199
2001-03-22,443.497
2001-03-23,457.664
2001-03-26,475.874
2001-03-27,479.115
2001-03-28,472.287
2001-03-29,475.531
2001-03-30,485.276
2001-04-02,474.696
2001-04-03,466.634
2001-04-04,472.149
2001-04-05,480.128
2001-04-06,479.671
2001-04-09,489.068
2001-04-10,490.7
2001-04-11,494.183
2001-04-12,499.153
2001-04-13,499.153
2001-04-16,494.075
2001-04-17,492.944
2001-04-18,492.926
2001-04-19,498.284
2001-04-20,502.13
2001-04-23,495.074
2001-04-24,499.499
2001-04-25,497.255
2001-04-26,497.918
2001-04-27,495.644
2001-04-30,497.524
2001-05-01,499.005
2001-05-02,501.968
2001-05-03,498.484
2001-05-04,502.945
2001-05-07,508.976
2001-05-08,504.691
2001-05-09,500.042
2001-05-10,508.188
2001-05-11,507.786
2001-05-14,503.914
2001-05-15,511.395
2001-05-16,515.709
2001-05-17,517.99
2001-05-18,516.738
2001-05-21,517.828
2001-05-22,515.217
2001-05-23,513.198
2001-05-24,511.928
2001-05-25,509.479
2001-05-28,510.231
2001-05-29,504.155
2001-05-30,502.773
2001-05-31,493.906
2001-06-01,495.584
2001-06-04,496.718
2001-06-05,503.009
2001-06-06,499.983
2001-06-07,501.809
2001-06-08,497.733
2001-06-11,492.415
2001-06-12,489.392
2001-06-13,493.892
2001-06-14,491.376
2001-06-15,490.802
2001-06-18,488.688
2001-06-19,483.436
2001-06-20,478.478
2001-06-21,480.897
2001-06-22,477.683
2001-06-25,480.423
2001-06-26,473.853
2001-06-27,468.105
2001-06-28,472.885
2001-06-29,476.748
2001-07-02,481.852
2001-07-03,477.317
2001-07-04,473.059
2001-07-05,463.77
2001-07-06,460.09
2001-07-09,462.771
2001-07-10,460.439
2001-07-11,459.799
2001-07-12,464.651
2001-07-13,465.785
2001-07-16,467.002
2001-07-17,462.414
2001-07-18,472.609
2001-07-19,480.758
2001-07-20,478.76
2001-07-23,475.885
2001-07-24,467.893
2001-07-25,464.005
2001-07-26,462.802
2001-07-27,466.661
2001-07-30,470.51
2001-07-31,472.245
2001-08-01,479.521
2001-08-02,482.701
2001-08-03,480.797
2001-08-06,479.732
2001-08-07,477.652
2001-08-08,476.603
2001-08-09,472.087
2001-08-10,466.887
2001-08-13,473.845
2001-08-14,480.734
2001-08-15,485.913
2001-08-16,482.323
2001-08-17,480.981
2001-08-20,476.819
2001-08-21,484.909
2001-08-22,483.728
2001-08-23,477.344
2001-08-24,483.516
2001-08-27,484.983
2001-08-28,478.584
2001-08-29,472.719
2001-08-30,467.81
2001-08-31,472.128
2001-09-03,462.188
2001-09-04,461.894
2001-09-05,458.144
2001-09-06,451.616
2001-09-07,447.305
2001-09-10,436.121
2001-09-11,412.48
2001-09-12,422.064
2001-09-13,428.474
2001-09-14,415.863
2001-09-17,431.771
2001-09-18,429.818
2001-09-19,427.57
2001-09-20,410.058
2001-09-21,392.998
2001-09-24,412.444
2001-09-25,428.401
2001-09-26,430.404
2001-09-27,436.463
2001-09-28,447.716
2001-10-01,441.497
2001-10-02,440.68
2001-10-03,440.307
2001-10-04,447.798
2001-10-05,446.109
2001-10-08,447.916
2001-10-09,445.297
2001-10-10,444.831
2001-10-11,449.758
2001-10-12,446.85
2001-10-15,445.015
2001-10-16,444.924
2001-10-17,444.916
2001-10-18,448.855
2001-10-19,445.337
2001-10-22,449.364
2001-10-23,454.06
2001-10-24,454.765
2001-10-25,452.182
2001-10-26,455.258
2001-10-29,452.156
2001-10-30,445.355
2001-10-31,447.376
2001-11-01,450.93
2001-11-02,450.606
2001-11-05,454.196
2001-11-06,454.991
2001-11-07,457.888
2001-11-08,465.953
2001-11-09,462.803
2001-11-12,456.301
2001-11-13,458.937
2001-11-14,463.123
2001-11-15,470.576
2001-11-16,475.379
2001-11-19,476.723
2001-11-20,471.614
2001-11-21,469.015
2001-11-22,472.723
2001-11-23,463.439
2001-11-26,465.151
2001-11-27,463.078
2001-11-28,457.972
2001-11-29,456.932
2001-11-30,455.639
2001-12-03,453.245
2001-12-04,464.164
2001-12-05,468.922
2001-12-06,469.434
2001-12-07,466.783
2001-12-10,458.472
2001-12-11,457.779
2001-12-12,460.835
2001-12-13,458.563
2001-12-14,455.393
2001-12-17,464.396
2001-12-18,461.179
2001-12-19,454.232
2001-12-20,463.497
2001-12-21,463.52
2001-12-24,453.567
2001-12-25,453.567
2001-12-26,453.473
2001-12-27,460.486
2001-12-28,459.828
2001-12-31,464.952
2002-01-01,464.952
2002-01-02,467.067
2002-01-03,465.419
2002-01-04,465.922
2002-01-07,465.139
2002-01-08,458.504
2002-01-09,460.689
2002-01-10,461.756
2002-01-11,465.436
2002-01-14,458.402
2002-01-15,456.33
2002-01-16,451.214
2002-01-17,456.146
2002-01-18,455.043
2002-01-21,451.079
2002-01-22,453.406
2002-01-23,455.961
2002-01-24,459.071
2002-01-25,450.417
2002-01-28,451.335
2002-01-29,445.781
2002-01-30,437.439
2002-01-31,438.313
2002-02-01,436.324
2002-02-04,436.79
2002-02-05,435.183
2002-02-06,434.076
2002-02-07,443.17
2002-02-08,445.354
2002-02-11,449.637
2002-02-12,447.654
2002-02-13,450.696
2002-02-14,454.658
2002-02-15,455.871
2002-02-18,452.358
2002-02-19,445.134
2002-02-20,440.713
2002-02-21,442.459
2002-02-22,442.599
2002-02-25,443.839
2002-02-26,441.387
2002-02-27,446.478
2002-02-28,449.697
2002-03-01,448.987
2002-03-04,456.79
2002-03-05,455.177
2002-03-06,458.43
2002-03-07,465.19
2002-03-08,469.413
2002-03-11,467.395
2002-03-12,463.706
2002-03-13,468.419
2002-03-14,477.332
2002-03-15,479.555
2002-03-18,481.579
2002-03-19,482.052
2002-03-20,481.889
2002-03-21,480.348
2002-03-22,480.669
2002-03-25,478.84
2002-03-26,479.523
2002-03-27,477.807
2002-03-28,478.481
2002-03-29,478.481
2002-04-01,484.021
2002-04-02,485.809
2002-04-03,487.044
2002-04-04,486.448
2002-04-05,482.637
2002-04-08,475.433
2002-04-09,479.318
2002-04-10,482.883
2002-04-11,479.63
2002-04-12,477.267
2002-04-15,479.19
2002-04-16,484.375
2002-04-17,488.542
2002-04-18,490.941
2002-04-19,489.12
2002-04-22,489.711
2002-04-23,489.712
2002-04-24,491.988
2002-04-25,490.014
2002-04-26,485.625
2002-04-29,489.852
2002-04-30,489.781
2002-05-01,494.528
2002-05-02,492.458
2002-05-03,500.73
2002-05-06,499.46
2002-05-07,489.989
2002-05-08,497.552
2002-05-09,497.816
2002-05-10,496.062
2002-05-13,497.442
2002-05-14,495.635
2002-05-15,502.714
2002-05-16,505.416
2002-05-17,509.143
2002-05-20,507.03
2002-05-21,507.445
2002-05-22,509.411
2002-05-23,503.941
2002-05-24,504.548
2002-05-27,505.278
2002-05-28,507.81
2002-05-29,508.666
2002-05-30,507.965
2002-05-31,508.485
2002-06-03,507.407
2002-06-04,499.488
2002-06-05,493.88
2002-06-06,494.36
2002-06-07,486.971
2002-06-10,487.031
2002-06-11,489.865
2002-06-12,476.238
2002-06-13,469.404
2002-06-14,465.914
2002-06-17,477.477
2002-06-18,472.972
2002-06-19,469.857
2002-06-20,460.315
2002-06-21,463.558
2002-06-24,452.515
2002-06-25,463.761
2002-06-26,460.729
2002-06-27,464.197
2002-06-28,488.584
2002-07-01,489.163
2002-07-02,479.822
2002-07-03,465.168
2002-07-04,475.857
2002-07-05,487.208
2002-07-08,491.05
2002-07-09,490.791
2002-07-10,471.757
2002-07-11,454.192
2002-07-12,461.583
2002-07-15,448.753
2002-07-16,440.13
2002-07-17,445.156
2002-07-18,442.982
2002-07-19,421.09
2002-07-22,396.975
2002-07-23,385.591
2002-07-24,388.842
2002-07-25,416.207
2002-07-26,420.813
2002-07-29,433.765
2002-07-30,433.925
2002-07-31,430.822
2002-08-01,424.381
2002-08-02,420.831
2002-08-05,406.073
2002-08-06,418.772
2002-08-07,415.161
2002-08-08,429.78
2002-08-09,437.167
2002-08-12,432.236
2002-08-13,438.447
2002-08-14,440.58
2002-08-15,449.036
2002-08-16,447.582
2002-08-19,454.743
2002-08-20,440.648
2002-08-21,451.901
2002-08-22,448.527
2002-08-23,446.673
2002-08-26,441.332
2002-08-27,451.151
2002-08-28,432.497
2002-08-29,423.516
2002-08-30,430.095
2002-09-02,420.452
2002-09-03,411.476
2002-09-04,414.669
2002-09-05,415.517
2002-09-06,425.53
2002-09-09,418.371
2002-09-10,421.606
2002-09-11,429.375
2002-09-12,417.046
2002-09-13,408.968
2002-09-16,405.286
2002-09-17,398.956
2002-09-18,396.521
2002-09-19,392.528
2002-09-20,393.778
2002-09-23,379.452
2002-09-24,379.363
2002-09-25,384.468
2002-09-26,403.901
2002-09-27,404.249
2002-09-30,402.414
2002-10-01,394.903
2002-10-02,405.739
2002-10-03,401.983
2002-10-04,390.145
2002-10-07,381.001
2002-10-08,372.075
2002-10-09,370.417
2002-10-10,378.401
2002-10-11,397.644
2002-10-14,394.998
2002-10-15,414.003
2002-10-16,408.024
2002-10-17,408.259
2002-10-18,405.719
2002-10-21,402.56
2002-10-22,402.318
2002-10-23,393.116
2002-10-24,402.673
2002-10-25,408.329
2002-10-28,406.95
2002-10-29,396.12
2002-10-30,406.244
2002-10-31,414.941
2002-11-01,412.312
2002-11-04,422.258
2002-11-05,425.782
2002-11-06,421.767
2002-11-07,416.78
2002-11-08,414.03
2002-11-11,409.194
2002-11-12,414.768
2002-11-13,411.639
2002-11-14,418.903
2002-11-15,427.359
2002-11-18,427.504
2002-11-19,426.115
2002-11-20,425.324
2002-11-21,432.067
2002-11-22,432.097
2002-11-25,427.831
2002-11-26,424.06
2002-11-27,429.164
2002-11-28,427.978
2002-11-29,424.896
2002-12-02,427.342
2002-12-03,417.766
2002-12-04,419.71
2002-12-05,414.991
2002-12-06,416.695
2002-12-09,410.381
2002-12-10,415.147
2002-12-11,414.305
2002-12-12,413.629
2002-12-13,414.591
2002-12-16,421.737
2002-12-17,423.884
2002-12-18,415.703
2002-12-19,414.652
2002-12-20,414.728
2002-12-23,412.602
2002-12-24,415.488
2002-12-25,415.488
2002-12-26,416.153
2002-12-27,404.586
2002-12-30,411.225
2002-12-31,414.169
2003-01-01,414.169
2003-01-02,408.701
2003-01-03,434.332
2003-01-06,437.927
2003-01-07,433.245
2003-01-08,430.397
2003-01-09,432.264
2003-01-10,433.0
2003-01-13,436.726
2003-01-14,444.981
2003-01-15,435.622
2003-01-16,431.785
2003-01-17,429.232
2003-01-20,422.143
2003-01-21,420.021
2003-01-22,409.247
2003-01-23,411.952
2003-01-24,408.557
2003-01-27,393.748
2003-01-28,392.968
2003-01-29,397.554
2003-01-30,400.068
2003-01-31,400.288
2003-02-03,405.186
2003-02-04,398.969
2003-02-05,401.169
2003-02-06,389.251
2003-02-07,386.035
2003-02-10,378.146
2003-02-11,385.313
2003-02-12,376.173
2003-02-13,379.777
2003-02-14,389.104
2003-02-17,395.952
2003-02-18,388.918
2003-02-19,379.809
2003-02-20,384.269
2003-02-21,386.026
2003-02-24,380.442
2003-02-25,374.096
2003-02-26,371.931
2003-02-27,373.385
2003-02-28,380.5
2003-03-03,387.054
2003-03-04,376.161
2003-03-05,371.512
2003-03-06,369.747
2003-03-07,365.112
2003-03-10,352.236
2003-03-11,350.297
2003-03-12,345.272
2003-03-13,351.767
2003-03-14,368.778
2003-03-17,376.459
2003-03-18,376.183
2003-03-19,383.532
2003-03-20,386.743
2003-03-21,398.431
2003-03-24,382.613
2003-03-25,387.248
2003-03-26,383.818
2003-03-27,379.798
2003-03-28,382.965
2003-03-31,377.347
2003-04-01,381.477
2003-04-02,387.857
2003-04-03,390.95
2003-04-04,395.111
2003-04-07,400.98
2003-04-08,400.894
2003-04-09,403.184
2003-04-10,396.93
2003-04-11,400.251
2003-04-14,406.228
2003-04-15,414.926
2003-04-16,412.791
2003-04-17,412.73
2003-04-18,412.73
2003-04-21,408.706
2003-04-22,414.857
2003-04-23,418.539
2003-04-24,416.075
2003-04-25,412.28
2003-04-28,417.961
2003-04-29,413.967
2003-04-30,420.182
2003-05-01,425.118
2003-05-02,420.626
2003-05-05,427.206
2003-05-06,435.51
2003-05-07,437.273
2003-05-08,430.714
2003-05-09,431.202
2003-05-12,428.455
2003-05-13,433.11
2003-05-14,434.082
2003-05-15,435.071
2003-05-16,441.266
2003-05-19,436.03
2003-05-20,437.556
2003-05-21,434.322
2003-05-22,444.379
2003-05-23,446.288
2003-05-26,443.72
2003-05-27,448.224
2003-05-28,452.412
2003-05-29,455.127
2003-05-30,447.142
2003-06-02,459.308
2003-06-03,452.667
2003-06-04,453.887
2003-06-05,454.128
2003-06-06,453.497
2003-06-09,458.064
2003-06-10,455.509
2003-06-11,464.513
2003-06-12,466.04
2003-06-13,459.417
2003-06-16,473.125
2003-06-17,476.546
2003-06-18,474.361
2003-06-19,465.957
2003-06-20,467.221
2003-06-23,456.025
2003-06-24,457.006
2003-06-25,457.782
2003-06-26,453.144
2003-06-27,450.768
2003-06-30,447.112
2003-07-01,441.546
2003-07-02,447.067
2003-07-03,451.964
2003-07-04,450.914
2003-07-07,453.387
2003-07-08,448.973
2003-07-09,448.21
2003-07-10,447.148
2003-07-11,449.801
2003-07-14,455.458
2003-07-15,451.565
2003-07-16,450.457
2003-07-17,447.968
2003-07-18,449.514
2003-07-21,450.951
2003-07-22,449.766
2003-07-23,456.553
2003-07-24,463.311
2003-07-25,463.673
2003-07-28,466.52
2003-07-29,466.14
2003-07-30,464.723
2003-07-31,462.724
2003-08-01,461.564
2003-08-04,461.634
2003-08-05,466.604
2003-08-06,463.025
2003-08-07,462.131
2003-08-08,460.811
2003-08-11,460.253
2003-08-12,462.134
2003-08-13,459.965
2003-08-14,462.776
2003-08-15,468.813
2003-08-18,464.657
2003-08-19,462.593
2003-08-20,463.2
2003-08-21,461.818
2003-08-22,460.34
2003-08-25,455.793
2003-08-26,455.275
2003-08-27,457.151
2003-08-28,458.199
2003-08-29,454.618
2003-09-01,462.486
2003-09-02,456.018
2003-09-03,463.785
2003-09-04,466.16
2003-09-05,473.485
2003-09-08,478.436
2003-09-09,476.22
2003-09-10,476.495
2003-09-11,477.143
2003-09-12,479.39
2003-09-15,481.376
2003-09-16,480.439
2003-09-17,486.047
2003-09-18,486.607
2003-09-19,489.209
2003-09-22,482.754
2003-09-23,479.225
2003-09-24,480.074
2003-09-25,478.451
2003-09-26,475.319
2003-09-29,475.776
2003-09-30,476.058
2003-10-01,479.658
2003-10-02,480.191
2003-10-03,487.009
2003-10-06,484.294
2003-10-07,485.824
2003-10-08,488.66
2003-10-09,492.201
2003-10-10,493.707
2003-10-13,494.696
2003-10-14,494.546
2003-10-15,491.93
2003-10-16,495.333
2003-10-17,489.54
2003-10-20,493.251
2003-10-21,493.194
2003-10-22,489.138
2003-10-23,485.271
2003-10-24,487.641
2003-10-27,488.243
2003-10-28,485.238
2003-10-29,484.851
2003-10-30,488.961
2003-10-31,484.658
2003-11-03,486.256
2003-11-04,479.331
2003-11-05,473.117
2003-11-06,473.956
2003-11-07,480.427
2003-11-10,475.528
2003-11-11,480.111
2003-11-12,485.494
2003-11-13,492.586
2003-11-14,501.811
2003-11-17,497.143
2003-11-18,499.564
2003-11-19,496.606
2003-11-20,497.883
2003-11-21,499.821
2003-11-24,500.353
2003-11-25,501.082
2003-11-26,506.799
2003-11-27,507.913
2003-11-28,510.894
2003-12-01,514.527
2003-12-02,520.103
2003-12-03,525.211
2003-12-04,521.576
2003-12-05,520.876
2003-12-08,525.91
2003-12-09,528.563
2003-12-10,526.226
2003-12-11,525.915
2003-12-12,530.876
2003-12-15,534.197
2003-12-16,532.025
2003-12-17,531.302
2003-12-18,537.187
2003-12-19,535.592
2003-12-22,535.129
2003-12-23,536.679
2003-12-24,540.204
2003-12-25,540.204
2003-12-26,539.168
2003-12-29,542.047
2003-12-30,548.314
2003-12-31,551.883
2004-01-01,551.883
2004-01-02,550.725
2004-01-05,562.378
2004-01-06,566.614
2004-01-07,562.985
2004-01-08,565.457
2004-01-09,567.77
2004-01-12,559.352
2004-01-13,563.846
2004-01-14,565.432
2004-01-15,560.801
2004-01-16,556.404
2004-01-19,555.54
2004-01-20,561.77
2004-01-21,567.506
2004-01-22,574.895
2004-01-23,579.048
2004-01-26,572.705
2004-01-27,577.897
2004-01-28,577.615
2004-01-29,567.37
2004-01-30,564.711
2004-02-02,570.303
2004-02-03,571.339
2004-02-04,573.331
2004-02-05,575.577
2004-02-06,586.149
2004-02-09,589.587
2004-02-10,591.346
2004-02-11,589.13
2004-02-12,591.142
2004-02-13,588.684
2004-02-16,590.648
2004-02-17,594.053
2004-02-18,590.205
2004-02-19,586.504
2004-02-20,580.131
2004-02-23,582.232
2004-02-24,581.467
2004-02-25,576.237
2004-02-26,568.549
2004-02-27,569.468
2004-03-01,573.33
2004-03-02,570.299
2004-03-03,563.083
2004-03-04,572.04
2004-03-05,578.868
2004-03-08,573.803
2004-03-09,575.398
2004-03-10,570.575
2004-03-11,557.956
2004-03-12,554.654
2004-03-15,550.265
2004-03-16,556.3
2004-03-17,554.383
2004-03-18,557.163
2004-03-19,556.667
2004-03-22,545.015
2004-03-23,546.699
2004-03-24,542.098
2004-03-25,548.508
2004-03-26,543.541
2004-03-29,548.956
2004-03-30,549.785
2004-03-31,554.326
2004-04-01,566.747
2004-04-02,560.677
2004-04-05,557.125
2004-04-06,555.893
2004-04-07,565.089
2004-04-08,566.162
2004-04-09,566.162
2004-04-12,565.391
2004-04-13,557.274
2004-04-14,555.545
2004-04-15,557.532
2004-04-16,562.162
2004-04-19,564.629
2004-04-20,560.134
2004-04-21,556.024
2004-04-22,553.899
2004-04-23,554.571
2004-04-26,562.709
2004-04-27,566.38
2004-04-28,557.681
2004-04-29,563.071
2004-04-30,561.962
2004-05-03,564.859
2004-05-04,573.141
2004-05-05,581.795
2004-05-06,573.822
2004-05-07,566.665
2004-05-10,548.152
2004-05-11,553.589
2004-05-12,551.35
2004-05-13,555.14
2004-05-14,552.964
2004-05-17,553.286
2004-05-18,555.002
2004-05-19,564.482
2004-05-20,559.005
2004-05-21,556.658
2004-05-24,557.037
2004-05-25,561.032
2004-05-26,561.977
2004-05-27,575.336
2004-05-28,564.917
2004-05-31,564.917
2004-06-01,562.361
2004-06-02,570.193
2004-06-03,571.875
2004-06-04,574.891
2004-06-07,583.711
2004-06-08,582.064
2004-06-09,573.799
2004-06-10,573.248
2004-06-11,568.519
2004-06-14,565.138
2004-06-15,567.95
2004-06-16,567.322
2004-06-17,572.175
2004-06-18,576.625
2004-06-21,576.205
2004-06-22,569.384
2004-06-23,567.66
2004-06-24,574.738
2004-06-25,571.187
2004-06-28,575.212
2004-06-29,566.424
2004-06-30,563.344
2004-07-01,564.478
2004-07-02,571.875
2004-07-05,567.495
2004-07-06,564.072
2004-07-07,567.343
2004-07-08,573.249
2004-07-09,568.846
2004-07-12,568.105
2004-07-13,562.051
2004-07-14,567.744
2004-07-15,557.699
2004-07-16,559.897
2004-07-19,554.827
2004-07-20,558.487
2004-07-21,557.085
2004-07-22,552.63
2004-07-23,545.544
2004-07-26,542.242
2004-07-27,542.695
2004-07-28,543.002
2004-07-29,547.444
2004-07-30,544.538
2004-08-02,544.377
2004-08-03,549.477
2004-08-04,543.223
2004-08-05,542.257
2004-08-06,541.371
2004-08-09,536.116
2004-08-10,540.723
2004-08-11,533.94
2004-08-12,535.46
2004-08-13,538.629
2004-08-16,541.915
2004-08-17,542.575
2004-08-18,535.014
2004-08-19,540.994
2004-08-20,537.142
2004-08-23,536.333
2004-08-24,532.013
2004-08-25,530.475
2004-08-26,535.638
2004-08-27,535.989
2004-08-30,535.167
2004-08-31,536.796
2004-09-01,543.58
2004-09-02,542.051
2004-09-03,543.128
2004-09-06,547.796
2004-09-07,549.328
2004-09-08,550.167
2004-09-09,548.012
2004-09-10,554.606
2004-09-13,555.934
2004-09-14,553.703
2004-09-15,547.383
2004-09-16,545.435
2004-09-17,546.976
2004-09-20,546.336
2004-09-21,558.156
2004-09-22,553.848
2004-09-23,549.904
2004-09-24,546.114
2004-09-27,543.269
2004-09-28,548.319
2004-09-29,551.248
2004-09-30,549.252
2004-10-01,555.194
2004-10-04,554.99
2004-10-05,556.297
2004-10-06,555.644
2004-10-07,548.786
2004-10-08,552.26
2004-10-11,548.531
2004-10-12,541.038
2004-10-13,543.886
2004-10-14,544.256
2004-10-15,545.528
2004-10-18,547.323
2004-10-19,552.981
2004-10-20,552.543
2004-10-21,555.552
2004-10-22,554.656
2004-10-25,554.312
2004-10-26,556.197
2004-10-27,560.683
2004-10-28,565.534
2004-10-29,559.077
2004-11-01,565.041
2004-11-02,569.565
2004-11-03,581.001
2004-11-04,586.955
2004-11-05,595.429
2004-11-08,596.464
2004-11-09,591.518
2004-11-10,596.387
2004-11-11,601.592
2004-11-12,605.978
2004-11-15,603.736
2004-11-16,603.685
2004-11-17,611.394
2004-11-18,608.91
2004-11-19,606.179
2004-11-22,599.588
2004-11-23,597.927
2004-11-24,598.936
2004-11-25,608.596
2004-11-26,608.544
2004-11-29,605.943
2004-11-30,598.704
2004-12-01,602.737
2004-12-02,604.678
2004-12-03,609.275
2004-12-06,606.589
2004-12-07,610.793
2004-12-08,601.862
2004-12-09,601.912
2004-12-10,601.693
2004-12-13,609.996
2004-12-14,612.629
2004-12-15,619.459
2004-12-16,611.846
2004-12-17,604.617
2004-12-20,617.459
2004-12-21,612.355
2004-12-22,618.116
2004-12-23,623.78
2004-12-24,624.681
2004-12-27,627.417
2004-12-28,627.001
2004-12-29,627.492
2004-12-30,629.093
2004-12-31,627.019
2005-01-03,629.454
2005-01-04,619.743
2005-01-05,613.858
2005-01-06,611.392
2005-01-07,604.533
2005-01-10,607.505
2005-01-11,607.438
2005-01-12,610.066
2005-01-13,606.897
2005-01-14,605.96
2005-01-17,609.879
2005-01-18,604.99
2005-01-19,607.886
2005-01-20,600.903
2005-01-21,602.544
2005-01-24,607.06
2005-01-25,603.29
2005-01-26,609.118
2005-01-27,608.413
2005-01-28,603.759
2005-01-31,606.538
2005-02-01,606.593
2005-02-02,607.314
2005-02-03,603.892
2005-02-04,606.21
2005-02-07,603.169
2005-02-08,601.752
2005-02-09,602.004
2005-02-10,607.841
2005-02-11,612.477
2005-02-14,616.584
2005-02-15,618.845
2005-02-16,615.483
2005-02-17,620.513
2005-02-18,623.478
2005-02-21,627.107
2005-02-22,635.585
2005-02-23,629.117
2005-02-24,630.683
2005-02-25,634.961
2005-02-28,639.699
2005-03-01,640.422
2005-03-02,639.552
2005-03-03,637.309
2005-03-04,645.435
2005-03-07,640.908
2005-03-08,646.653
2005-03-09,643.646
2005-03-10,645.785
2005-03-11,650.489
2005-03-14,644.238
2005-03-15,646.947
2005-03-16,647.594
2005-03-17,643.258
2005-03-18,633.481
2005-03-21,629.591
2005-03-22,630.933
2005-03-23,622.528
2005-03-24,621.325
2005-03-25,621.325
2005-03-28,617.642
2005-03-29,621.361
2005-03-30,623.278
2005-03-31,624.069
2005-04-01,622.713
2005-04-04,610.481
2005-04-05,616.936
2005-04-06,623.281
2005-04-07,628.449
2005-04-08,625.927
2005-04-11,631.122
2005-04-12,624.052
2005-04-13,626.977
2005-04-14,622.665
2005-04-15,629.732
2005-04-18,626.921
2005-04-19,634.53
2005-04-20,631.614
2005-04-21,632.289
2005-04-22,633.392
2005-04-25,627.363
2005-04-26,628.747
2005-04-27,621.874
2005-04-28,621.725
2005-04-29,625.118
2005-05-02,625.096
2005-05-03,628.293
2005-05-04,639.585
2005-05-05,636.137
2005-05-06,635.382
2005-05-09,631.761
2005-05-10,625.898
2005-05-11,623.943
2005-05-12,621.953
2005-05-13,618.279
2005-05-16,617.167
2005-05-17,618.723
2005-05-18,624.056
2005-05-19,624.707
2005-05-20,619.557
2005-05-23,623.787
2005-05-24,628.895
2005-05-25,631.709
2005-05-26,631.96
2005-05-27,634.945
2005-05-30,632.561
2005-05-31,626.019
2005-06-01,631.556
2005-06-02,634.047
2005-06-03,631.916
2005-06-06,630.906
2005-06-07,636.183
2005-06-08,637.679
2005-06-09,631.945
2005-06-10,626.395
2005-06-13,623.825
2005-06-14,624.041
2005-06-15,625.768
2005-06-16,623.807
2005-06-17,630.518
2005-06-20,623.18
2005-06-21,630.133
2005-06-22,629.501
2005-06-23,624.398
2005-06-24,620.898
2005-06-27,620.896
2005-06-28,617.313
2005-06-29,621.607
2005-06-30,620.917
2005-07-01,616.375
2005-07-04,614.119
2005-07-05,613.27
2005-07-06,616.347
2005-07-07,613.766
2005-07-08,616.66
2005-07-11,627.702
2005-07-12,631.136
2005-07-13,630.858
2005-07-14,636.586
2005-07-15,634.365
2005-07-18,635.327
2005-07-19,631.534
2005-07-20,636.531
2005-07-21,640.66
2005-07-22,639.712
2005-07-25,638.574
2005-07-26,638.658
2005-07-27,643.188
2005-07-28,652.13
2005-07-29,654.393
2005-08-01,659.547
2005-08-02,666.755
2005-08-03,670.877
2005-08-04,668.813
2005-08-05,664.971
2005-08-08,670.434
2005-08-09,670.191
2005-08-10,677.79
2005-08-11,681.16
2005-08-12,678.46
2005-08-15,673.87
2005-08-16,670.916
2005-08-17,671.165
2005-08-18,660.511
2005-08-19,662.489
2005-08-22,664.659
2005-08-23,656.32
2005-08-24,657.074
2005-08-25,656.4
2005-08-26,655.227
2005-08-29,653.198
2005-08-30,647.937
2005-08-31,659.855
2005-09-01,674.244
2005-09-02,677.122
2005-09-05,675.732
2005-09-06,681.427
2005-09-07,687.359
2005-09-08,685.218
2005-09-09,687.892
2005-09-12,682.009
2005-09-13,676.822
2005-09-14,683.327
2005-09-15,678.924
2005-09-16,683.186
2005-09-19,678.895
2005-09-20,682.382
2005-09-21,678.652
2005-09-22,671.568
2005-09-23,671.078
2005-09-26,675.343
2005-09-27,673.67
2005-09-28,679.171
2005-09-29,674.505
2005-09-30,682.249
2005-10-03,685.726
2005-10-04,690.808
2005-10-05,691.37
2005-10-06,694.127
2005-10-07,693.022
2005-10-10,689.25
2005-10-11,689.0
2005-10-12,686.591
2005-10-13,674.898
2005-10-14,682.735
2005-10-17,680.493
2005-10-18,680.705
2005-10-19,672.388
2005-10-20,680.463
2005-10-21,681.01
2005-10-24,685.34
2005-10-25,694.477
2005-10-26,695.323
2005-10-27,694.279
2005-10-28,688.1
2005-10-31,696.515
2005-11-01,703.134
2005-11-02,711.679
2005-11-03,717.597
2005-11-04,705.259
2005-11-07,708.844
2005-11-08,707.179
2005-11-09,703.959
2005-11-10,706.758
2005-11-11,715.322
2005-11-14,710.503
2005-11-15,708.351
2005-11-16,700.804
2005-11-17,710.455
2005-11-18,719.191
2005-11-21,723.139
2005-11-22,723.182
2005-11-23,729.257
2005-11-24,727.332
2005-11-25,727.738
2005-11-28,724.791
2005-11-29,723.596
2005-11-30,720.831
2005-12-01,729.842
2005-12-02,735.278
2005-12-05,739.554
2005-12-06,745.237
2005-12-07,739.453
2005-12-08,743.736
2005-12-09,744.036
2005-12-12,750.593
2005-12-13,748.958
2005-12-14,750.71
2005-12-15,739.179
2005-12-16,742.901
2005-12-19,745.093
2005-12-20,735.785
2005-12-21,733.568
2005-12-22,732.26
2005-12-23,729.897
2005-12-26,729.897
2005-12-27,734.022
2005-12-28,737.834
2005-12-29,740.105
2005-12-30,734.912
2006-01-02,734.912
2006-01-03,752.486
2006-01-04,770.959
2006-01-05,770.602
2006-01-06,777.191
2006-01-09,771.508
2006-01-10,765.479
2006-01-11,775.021
2006-01-12,775.737
2006-01-13,777.462
2006-01-16,782.52
2006-01-17,774.839
2006-01-18,771.427
2006-01-19,775.728
2006-01-20,766.518
2006-01-23,781.723
2006-01-24,780.361
2006-01-25,778.233
2006-01-26,782.484
2006-01-27,777.777
2006-01-30,773.849
2006-01-31,780.058
2006-02-01,780.408
2006-02-02,774.243
2006-02-03,774.142
2006-02-06,772.283
2006-02-07,770.4
2006-02-08,770.09
2006-02-09,773.118
2006-02-10,769.665
2006-02-13,771.633
2006-02-14,767.821
2006-02-15,760.382
2006-02-16,769.675
2006-02-17,769.829
2006-02-20,776.711
2006-02-21,780.26
2006-02-22,781.283
2006-02-23,779.205
2006-02-24,770.789
2006-02-27,772.908
2006-02-28,768.391
2006-03-01,777.366
2006-03-02,775.05
2006-03-03,779.011
2006-03-06,779.614
2006-03-07,766.684
2006-03-08,766.405
2006-03-09,766.62
2006-03-10,773.384
2006-03-13,782.512
2006-03-14,789.864
2006-03-15,787.821
2006-03-16,793.548
2006-03-17,796.128
2006-03-20,798.454
2006-03-21,791.408
2006-03-22,791.667
2006-03-23,779.203
2006-03-24,783.964
2006-03-27,779.604
2006-03-28,783.472
2006-03-29,777.499
2006-03-30,790.583
2006-03-31,784.903
2006-04-03,790.464
2006-04-04,797.732
2006-04-05,803.747
2006-04-06,802.988
2006-04-07,795.277
2006-04-10,796.226
2006-04-11,790.297
2006-04-12,787.19
2006-04-13,789.916
2006-04-14,789.916
2006-04-17,804.267
2006-04-18,801.072
2006-04-19,812.147
2006-04-20,808.682
2006-04-21,814.614
2006-04-24,815.87
2006-04-25,813.731
2006-04-26,816.868
2006-04-27,824.322
2006-04-28,832.176
2006-05-01,837.123
2006-05-02,840.38
2006-05-03,826.909
2006-05-04,833.541
2006-05-05,846.813
2006-05-08,848.668
2006-05-09,856.038
2006-05-10,856.142
2006-05-11,857.609
2006-05-12,851.09
2006-05-15,837.334
2006-05-16,841.741
2006-05-17,814.412
2006-05-18,809.897
2006-05-19,802.903
2006-05-22,792.763
2006-05-23,807.198
2006-05-24,792.09
2006-05-25,792.09
2006-05-26,805.999
2006-05-29,809.429
2006-05-30,803.499
2006-05-31,807.038
2006-06-01,806.479
2006-06-02,819.041
2006-06-05,820.571
2006-06-06,794.511
2006-06-07,797.112
2006-06-08,767.867
2006-06-09,779.903
2006-06-12,766.38
2006-06-13,746.991
2006-06-14,752.687
2006-06-15,767.652
2006-06-16,763.606
2006-06-19,764.554
2006-06-20,769.927
2006-06-21,775.84
2006-06-22,777.728
2006-06-23,774.88
2006-06-26,772.89
2006-06-27,768.777
2006-06-28,768.328
2006-06-29,779.107
2006-06-30,805.663
2006-07-03,813.355
2006-07-04,813.623
2006-07-05,800.425
2006-07-06,807.568
2006-07-07,808.394
2006-07-10,807.262
2006-07-11,805.443
2006-07-12,804.299
2006-07-13,795.662
2006-07-14,783.023
2006-07-17,775.743
2006-07-18,768.532
2006-07-19,786.316
2006-07-20,796.697
2006-07-21,796.237
2006-07-24,807.133
2006-07-25,806.464
2006-07-26,808.446
2006-07-27,821.905
2006-07-28,833.684
2006-07-31,833.724
2006-08-01,830.722
2006-08-02,831.847
2006-08-03,819.221
2006-08-04,835.105
2006-08-07,823.821
2006-08-08,821.571
2006-08-09,834.161
2006-08-10,821.432
2006-08-11,822.369
2006-08-14,826.517
2006-08-15,843.194
2006-08-16,852.715
2006-08-17,854.277
2006-08-18,848.153
2006-08-21,852.947
2006-08-22,847.732
2006-08-23,846.866
2006-08-24,848.277
2006-08-25,845.236
2006-08-28,850.617
2006-08-29,853.936
2006-08-30,861.44
2006-08-31,856.635
2006-09-01,857.995
2006-09-04,865.56
2006-09-05,861.256
2006-09-06,853.972
2006-09-07,846.116
2006-09-08,846.053
2006-09-11,840.334
2006-09-12,848.703
2006-09-13,847.861
2006-09-14,847.646
2006-09-15,845.269
2006-09-18,852.663
2006-09-19,851.972
2006-09-20,863.604
2006-09-21,864.807
2006-09-22,868.207
2006-09-25,863.002
2006-09-26,870.002
2006-09-27,872.857
2006-09-28,870.446
2006-09-29,867.095
2006-10-02,870.22
2006-10-03,870.138
2006-10-04,871.481
2006-10-05,876.888
2006-10-06,872.618
2006-10-09,876.353
2006-10-10,879.095
2006-10-11,879.089
2006-10-12,882.503
2006-10-13,876.408
2006-10-16,876.78
2006-10-17,869.878
2006-10-18,875.211
2006-10-19,881.581
2006-10-20,885.007
2006-10-23,885.704
2006-10-24,880.91
2006-10-25,883.901
2006-10-26,889.2
2006-10-27,896.855
2006-10-30,893.302
2006-10-31,887.468
2006-11-01,892.635
2006-11-02,895.362
2006-11-03,893.773
2006-11-06,902.709
2006-11-07,913.88
2006-11-08,904.515
2006-11-09,905.911
2006-11-10,909.192
2006-11-13,907.274
2006-11-14,905.126
2006-11-15,908.674
2006-11-16,908.216
2006-11-17,906.442
2006-11-20,909.479
2006-11-21,911.637
2006-11-22,921.54
2006-11-23,922.067
2006-11-24,920.675
2006-11-27,908.402
2006-11-28,902.955
2006-11-29,913.338
2006-11-30,912.83
2006-12-01,909.816
2006-12-04,913.726
2006-12-05,912.24
2006-12-06,918.557
2006-12-07,922.784
2006-12-08,920.16
2006-12-11,918.143
2006-12-12,927.904
2006-12-13,926.259
2006-12-14,930.939
2006-12-15,926.299
2006-12-18,927.62
2006-12-19,926.983
2006-12-20,927.439
2006-12-21,927.703
2006-12-22,921.688
2006-12-25,921.688
2006-12-26,920.328
2006-12-27,926.686
2006-12-28,927.188
2006-12-29,926.512
2007-01-01,926.512
2007-01-02,931.971
2007-01-03,938.346
2007-01-04,933.399
2007-01-05,925.135
2007-01-08,920.414
2007-01-09,919.162
2007-01-10,914.167
2007-01-11,924.427
2007-01-12,931.208
2007-01-15,938.093
2007-01-16,934.904
2007-01-17,939.6
2007-01-18,937.011
2007-01-19,941.789
2007-01-22,937.012
2007-01-23,943.836
2007-01-24,942.068
2007-01-25,942.581
2007-01-26,926.265
2007-01-29,933.016
2007-01-30,938.09
2007-01-31,940.544
2007-02-01,953.027
2007-02-02,954.226
2007-02-05,952.488
2007-02-06,956.108
2007-02-07,961.236
2007-02-08,949.879
2007-02-09,953.307
2007-02-12,948.231
2007-02-13,947.717
2007-02-14,960.998
2007-02-15,965.684
2007-02-16,968.958
2007-02-19,971.566
2007-02-20,967.318
2007-02-21,953.204
2007-02-22,954.88
2007-02-23,963.287
2007-02-26,959.86
2007-02-27,935.242
2007-02-28,922.771
2007-03-01,921.222
2007-03-02,924.803
2007-03-05,910.753
2007-03-06,919.702
2007-03-07,932.0
2007-03-08,935.464
2007-03-09,931.494
2007-03-12,933.349
2007-03-13,928.534
2007-03-14,908.414
2007-03-15,921.002
2007-03-16,927.11
2007-03-19,935.829
2007-03-20,939.488
2007-03-21,945.016
2007-03-22,961.819
2007-03-23,958.894
2007-03-26,952.19
2007-03-27,948.015
2007-03-28,941.937
2007-03-29,946.067
2007-03-30,943.299
2007-04-02,946.962
2007-04-03,953.852
2007-04-04,953.715
2007-04-05,962.143
2007-04-06,962.143
2007-04-09,953.225
2007-04-10,966.186
2007-04-11,963.179
2007-04-12,963.296
2007-04-13,969.853
2007-04-16,981.342
2007-04-17,979.492
2007-04-18,989.783
2007-04-19,991.135
2007-04-20,1003.365
2007-04-23,1006.214
2007-04-24,1008.211
2007-04-25,1015.998
2007-04-26,1017.439
2007-04-27,1014.018
2007-04-30,1012.74
2007-05-01,1006.402
2007-05-02,1008.349
2007-05-03,1002.778
2007-05-04,1012.694
2007-05-07,1013.854
2007-05-08,998.329
2007-05-09,1005.405
2007-05-10,996.525
2007-05-11,1003.154
2007-05-14,999.393
2007-05-15,1003.56
2007-05-16,996.436
2007-05-17,989.937
2007-05-18,995.604
2007-05-21,991.239
2007-05-22,986.941
2007-05-23,998.952
2007-05-24,987.478
2007-05-25,991.41
2007-05-28,991.41
2007-05-29,996.158
2007-05-30,993.448
2007-05-31,1000.0
2007-06-01,1004.135
2007-06-04,1005.077
2007-06-05,999.707
2007-06-06,988.007
2007-06-07,969.346
2007-06-08,961.455
2007-06-11,964.233
2007-06-12,958.087
2007-06-13,953.186
2007-06-14,967.506
2007-06-15,980.221
2007-06-18,977.713
2007-06-19,974.776
2007-06-20,978.409
2007-06-21,963.583
2007-06-22,962.423
2007-06-25,962.646
2007-06-26,956.658
2007-06-27,951.295
2007-06-28,963.418
2007-06-29,973.297
2007-07-02,983.217
2007-07-03,984.835
2007-07-04,990.22
2007-07-05,980.786
2007-07-06,985.751
2007-07-09,990.33
2007-07-10,993.012
2007-07-11,994.34
2007-07-12,996.218
2007-07-13,998.12
2007-07-16,1002.507
2007-07-17,994.718
2007-07-18,981.597
2007-07-19,993.058
2007-07-20,983.565
2007-07-23,980.367
2007-07-24,974.333
2007-07-25,952.952
2007-07-26,933.777
2007-07-27,934.9
2007-07-30,939.621
2007-07-31,958.604
2007-08-01,960.52
2007-08-02,945.398
2007-08-03,943.074
2007-08-06,946.933
2007-08-07,953.376
2007-08-08,976.356
2007-08-09,957.872
2007-08-10,931.784
2007-08-13,937.398
2007-08-14,920.097
2007-08-15,926.731
2007-08-16,901.481
2007-08-17,927.006
2007-08-20,929.282
2007-08-21,933.196
2007-08-22,941.688
2007-08-23,943.951
2007-08-24,953.783
2007-08-27,959.171
2007-08-28,947.948
2007-08-29,948.954
2007-08-30,950.553
2007-08-31,958.271
2007-09-03,957.229
2007-09-04,963.634
2007-09-05,956.195
2007-09-06,958.311
2007-09-07,950.966
2007-09-10,946.641
2007-09-11,958.852
2007-09-12,967.263
2007-09-13,975.117
2007-09-14,962.375
2007-09-17,954.2
2007-09-18,963.642
2007-09-19,992.023
2007-09-20,992.336
2007-09-21,991.427
2007-09-24,991.327
2007-09-25,987.131
2007-09-26,988.307
2007-09-27,989.568
2007-09-28,999.194
2007-10-01,1010.852
2007-10-02,1008.893
2007-10-03,1007.95
2007-10-04,1005.84
2007-10-05,1006.455
2007-10-08,1002.46
2007-10-09,1007.966
2007-10-10,1015.679
2007-10-11,1020.906
2007-10-12,1013.793
2007-10-15,1015.504
2007-10-16,999.705
2007-10-17,1001.808
2007-10-18,1006.806
2007-10-19,995.068
2007-10-22,981.232
2007-10-23,990.337
2007-10-24,985.223
2007-10-25,996.746
2007-10-26,1005.848
2007-10-29,1009.01
2007-10-30,1004.115
2007-10-31,1015.064
2007-11-01,999.458
2007-11-02,989.675
2007-11-05,983.444
2007-11-06,996.907
2007-11-07,999.727
2007-11-08,994.321
2007-11-09,978.06
2007-11-12,976.265
2007-11-13,986.076
2007-11-14,1004.59
2007-11-15,997.381
2007-11-16,989.44
2007-11-19,966.314
2007-11-20,979.523
2007-11-21,959.567
2007-11-22,974.743
2007-11-23,990.284
2007-11-26,988.637
2007-11-27,999.09
2007-11-28,1011.223
2007-11-29,1021.179
2007-11-30,1020.697
2007-12-03,1007.565
2007-12-04,1009.681
2007-12-05,1016.183
2007-12-06,1011.488
2007-12-07,1017.062
2007-12-10,1029.063
2007-12-11,1020.474
2007-12-12,1017.027
2007-12-13,989.623
2007-12-14,982.51
2007-12-17,967.861
2007-12-18,959.482
2007-12-19,949.142
2007-12-20,949.099
2007-12-21,956.43
2007-12-24,955.149
2007-12-25,955.149
2007-12-26,961.418
2007-12-27,973.168
2007-12-28,981.467
2007-12-31,978.736
2008-01-01,978.736
2008-01-02,991.168
2008-01-03,975.025
2008-01-04,959.591
2008-01-07,952.379
2008-01-08,975.075
2008-01-09,978.156
2008-01-10,978.815
2008-01-11,967.755
2008-01-14,979.27
2008-01-15,956.08
2008-01-16,934.38
2008-01-17,924.801
2008-01-18,911.753
2008-01-21,861.741
2008-01-22,891.227
2008-01-23,880.647
2008-01-24,923.494
2008-01-25,916.111
2008-01-28,909.656
2008-01-29,920.249
2008-01-30,917.417
2008-01-31,924.06
2008-02-01,943.38
2008-02-04,928.976
2008-02-05,891.978
2008-02-06,901.207
2008-02-07,878.515
2008-02-08,879.966
2008-02-11,869.922
2008-02-12,896.306
2008-02-13,888.854
2008-02-14,889.277
2008-02-15,879.172
2008-02-18,886.296
2008-02-19,889.994
2008-02-20,873.859
2008-02-21,891.538
2008-02-22,895.073
2008-02-25,912.22
2008-02-26,930.972
2008-02-27,952.044
2008-02-28,949.214
2008-02-29,944.055
2008-03-03,929.191
2008-03-04,920.095
2008-03-05,926.078
2008-03-06,923.653
2008-03-07,917.412
2008-03-10,907.025
2008-03-11,909.253
2008-03-12,929.702
2008-03-13,939.927
2008-03-14,928.24
2008-03-17,899.714
2008-03-18,928.791
2008-03-19,926.137
2008-03-20,908.439
2008-03-21,908.439
2008-03-24,897.737
2008-03-25,939.461
2008-03-26,944.787
2008-03-27,956.819
2008-03-28,947.744
2008-03-31,954.403
2008-04-01,967.938
2008-04-02,979.007
2008-04-03,972.195
2008-04-04,987.324
2008-04-07,985.209
2008-04-08,978.103
2008-04-09,964.344
2008-04-10,959.342
2008-04-11,950.708
2008-04-14,939.503
2008-04-15,940.638
2008-04-16,955.239
2008-04-17,939.228
2008-04-18,952.047
2008-04-21,964.231
2008-04-22,959.171
2008-04-23,948.829
2008-04-24,952.358
2008-04-25,958.852
2008-04-28,966.828
2008-04-29,956.211
2008-04-30,955.422
2008-05-01,949.405
2008-05-02,959.192
2008-05-05,961.891
2008-05-06,953.482
2008-05-07,957.051
2008-05-08,956.103
2008-05-09,948.14
2008-05-12,946.78
2008-05-13,954.736
2008-05-14,952.331
2008-05-15,964.248
2008-05-16,966.879
2008-05-19,977.308
2008-05-20,971.173
2008-05-21,974.017
2008-05-22,971.819
2008-05-23,963.419
2008-05-26,950.602
2008-05-27,953.265
2008-05-28,951.958
2008-05-29,952.481
2008-05-30,950.868
2008-06-02,959.881
2008-06-03,961.7
2008-06-04,954.574
2008-06-05,961.258
2008-06-06,955.135
2008-06-09,947.037
2008-06-10,927.133
2008-06-11,916.475
2008-06-12,914.969
2008-06-13,914.879
2008-06-16,917.507
2008-06-17,918.695
2008-06-18,914.421
2008-06-19,905.569
2008-06-20,904.106
2008-06-23,886.831
2008-06-24,894.991
2008-06-25,898.287
2008-06-26,895.228
2008-06-27,889.783
2008-06-30,903.339
2008-07-01,887.559
2008-07-02,890.041
2008-07-03,881.7
2008-07-04,874.072
2008-07-07,872.614
2008-07-08,871.228
2008-07-09,886.758
2008-07-10,875.221
2008-07-11,861.958
2008-07-14,865.229
2008-07-15,862.482
2008-07-16,855.339
2008-07-17,875.291
2008-07-18,882.502
2008-07-21,885.462
2008-07-22,891.967
2008-07-23,897.303
2008-07-24,897.106
2008-07-25,891.31
2008-07-28,890.863
2008-07-29,885.824
2008-07-30,897.381
2008-07-31,902.601
2008-08-01,902.085
2008-08-04,896.446
2008-08-05,903.617
2008-08-06,901.645
2008-08-07,897.02
2008-08-08,889.208
2008-08-11,899.522
2008-08-12,889.394
2008-08-13,875.933
2008-08-14,878.71
2008-08-15,875.681
2008-08-18,873.045
2008-08-19,861.755
2008-08-20,858.573
2008-08-21,855.674
2008-08-22,859.015
2008-08-25,855.843
2008-08-26,855.513
2008-08-27,856.357
2008-08-28,871.976
2008-08-29,876.116
2008-09-01,870.96
2008-09-02,876.228
2008-09-03,869.481
2008-09-04,848.064
2008-09-05,836.656
2008-09-08,848.782
2008-09-09,847.411
2008-09-10,835.299
2008-09-11,824.776
2008-09-12,847.912
2008-09-15,823.483
2008-09-16,797.542
2008-09-17,791.674
2008-09-18,801.705
2008-09-19,844.634
2008-09-22,842.095
2008-09-23,836.903
2008-09-24,828.754
2008-09-25,850.902
2008-09-26,833.179
2008-09-29,790.747
2008-09-30,789.823
2008-10-01,798.625
2008-10-02,787.306
2008-10-03,808.424
2008-10-06,749.373
2008-10-07,749.017
2008-10-08,713.48
2008-10-09,680.929
2008-10-10,633.96
2008-10-13,701.626
2008-10-14,735.261
2008-10-15,695.029
2008-10-16,674.377
2008-10-17,717.496
2008-10-20,720.234
2008-10-21,714.354
2008-10-22,680.555
2008-10-23,676.37
2008-10-24,657.944
2008-10-27,634.028
2008-10-28,636.226
2008-10-29,690.244
2008-10-30,682.052
2008-10-31,703.321
2008-11-03,714.047
2008-11-04,737.363
2008-11-05,710.422
2008-11-06,673.409
2008-11-07,681.177
2008-11-10,690.756
2008-11-11,662.644
2008-11-12,644.772
2008-11-13,641.681
2008-11-14,653.021
2008-11-17,628.089
2008-11-18,630.447
2008-11-19,609.676
2008-11-20,579.042
2008-11-21,559.584
2008-11-24,606.01
2008-11-25,614.65
2008-11-26,610.832
2008-11-27,626.848
2008-11-28,639.578
2008-12-01,609.13
2008-12-02,613.034
2008-12-03,615.829
2008-12-04,624.01
2008-12-05,603.125
2008-12-08,644.301
2008-12-09,644.135
2008-12-10,638.993
2008-12-11,641.11
2008-12-12,637.131
2008-12-15,635.219
2008-12-16,646.593
2008-12-17,680.267
2008-12-18,692.429
2008-12-19,655.378
2008-12-22,656.951
2008-12-23,661.981
2008-12-24,668.51
2008-12-25,668.51
2008-12-26,671.321
2008-12-29,698.428
2008-12-30,699.936
2008-12-31,692.012
2009-01-01,692.012
2009-01-02,687.715
2009-01-05,695.595
2009-01-06,685.752
2009-01-07,697.875
2009-01-08,701.052
2009-01-09,684.079
2009-01-12,666.74
2009-01-13,654.952
2009-01-14,639.394
2009-01-15,635.886
2009-01-16,645.926
2009-01-19,632.504
2009-01-20,617.337
2009-01-21,615.112
2009-01-22,614.606
2009-01-23,604.122
2009-01-26,629.279
2009-01-27,625.238
2009-01-28,630.253
2009-01-29,613.485
2009-01-30,606.838
2009-02-02,590.564
2009-02-03,606.409
2009-02-04,600.198
2009-02-05,582.523
2009-02-06,581.488
2009-02-09,592.063
2009-02-10,591.827
2009-02-11,586.014
2009-02-12,581.078
2009-02-13,587.729
2009-02-16,581.096
2009-02-17,557.754
2009-02-18,558.247
2009-02-19,566.232
2009-02-20,547.572
2009-02-23,547.211
2009-02-24,537.281
2009-02-25,534.45
2009-02-26,543.059
2009-02-27,538.995
2009-03-02,506.146
2009-03-03,495.341
2009-03-04,506.903
2009-03-05,500.302
2009-03-06,500.851
2009-03-09,495.925
2009-03-10,523.972
2009-03-11,530.013
2009-03-12,523.418
2009-03-13,532.969
2009-03-16,548.199
2009-03-17,547.761
2009-03-18,551.825
2009-03-19,577.08
2009-03-20,573.324
2009-03-23,588.325
2009-03-24,588.061
2009-03-25,596.065
2009-03-26,593.57
2009-03-27,573.956
2009-03-30,555.317
2009-03-31,584.057
2009-04-01,589.435
2009-04-02,615.481
2009-04-03,598.349
2009-04-06,592.813
2009-04-07,587.074
2009-04-08,588.014
2009-04-09,594.069
2009-04-10,594.069
2009-04-13,601.138
2009-04-14,603.219
2009-04-15,596.093
2009-04-16,607.212
2009-04-17,601.149
2009-04-20,583.685
2009-04-21,587.203
2009-04-22,586.749
2009-04-23,582.948
2009-04-24,603.966
2009-04-27,608.066
2009-04-28,597.747
2009-04-29,614.258
2009-04-30,621.555
2009-05-01,622.593
2009-05-04,637.052
2009-05-05,632.345
2009-05-06,635.757
2009-05-07,640.157
2009-05-08,651.965
2009-05-11,657.277
2009-05-12,656.671
2009-05-13,647.214
2009-05-14,656.084
2009-05-15,657.204
2009-05-18,658.645
2009-05-19,669.849
2009-05-20,679.911
2009-05-21,676.83
2009-05-22,674.737
2009-05-25,681.631
2009-05-26,679.573
2009-05-27,676.57
2009-05-28,668.884
2009-05-29,680.071
2009-06-01,676.676
2009-06-02,693.811
2009-06-03,682.47
2009-06-04,687.461
2009-06-05,674.857
2009-06-08,667.004
2009-06-09,673.384
2009-06-10,681.045
2009-06-11,691.583
2009-06-12,691.885
2009-06-15,669.373
2009-06-16,669.957
2009-06-17,660.022
2009-06-18,672.182
2009-06-19,676.201
2009-06-22,662.033
2009-06-23,671.236
2009-06-24,679.849
2009-06-25,660.857
2009-06-26,670.64
2009-06-29,680.086
2009-06-30,673.15
2009-07-01,687.726
2009-07-02,669.337
2009-07-03,666.566
2009-07-06,666.235
2009-07-07,666.835
2009-07-08,657.63
2009-07-09,664.524
2009-07-10,654.474
2009-07-13,663.871
2009-07-14,669.072
2009-07-15,689.681
2009-07-16,698.676
2009-07-17,703.831
2009-07-20,713.199
2009-07-21,716.509
2009-07-22,716.03
2009-07-23,731.828
2009-07-24,728.135
2009-07-27,731.584
2009-07-28,727.767
2009-07-29,724.59
2009-07-30,738.883
2009-07-31,750.624
2009-08-03,765.947
2009-08-04,760.109
2009-08-05,754.407
2009-08-06,760.211
2009-08-07,757.871
2009-08-10,752.534
2009-08-11,747.17
2009-08-12,750.934
2009-08-13,758.727
2009-08-14,758.54
2009-08-17,739.507
2009-08-18,750.167
2009-08-19,761.586
2009-08-20,768.367
2009-08-21,785.543
2009-08-24,792.198
2009-08-25,794.617
2009-08-26,784.393
2009-08-27,782.507
2009-08-28,799.213
2009-08-31,799.04
2009-09-01,785.267
2009-09-02,776.77
2009-09-03,777.255
2009-09-04,779.514
2009-09-07,791.747
2009-09-08,805.087
2009-09-09,809.026
2009-09-10,809.463
2009-09-11,816.018
2009-09-14,816.256
2009-09-15,810.735
2009-09-16,825.973
2009-09-17,832.144
2009-09-18,834.06
2009-09-21,825.989
2009-09-22,839.342
2009-09-23,840.882
2009-09-24,828.09
2009-09-25,822.049
2009-09-28,826.08
2009-09-29,823.194
2009-09-30,825.237
2009-10-01,814.036
2009-10-02,805.347
2009-10-05,807.732
2009-10-06,829.745
2009-10-07,821.14
2009-10-08,830.617
2009-10-09,828.435
2009-10-12,843.377
2009-10-13,835.781
2009-10-14,853.034
2009-10-15,853.449
2009-10-16,842.82
2009-10-19,861.366
2009-10-20,861.052
2009-10-21,867.599
2009-10-22,863.401
2009-10-23,858.686
2009-10-26,843.917
2009-10-27,845.769
2009-10-28,832.94
2009-10-29,847.809
2009-10-30,834.739
2009-11-02,840.146
2009-11-03,820.226
2009-11-04,836.595
2009-11-05,841.709
2009-11-06,842.319
2009-11-09,862.298
2009-11-10,858.125
2009-11-11,860.254
2009-11-12,851.322
2009-11-13,851.452
2009-11-16,866.952
2009-11-17,851.009
2009-11-18,857.493
2009-11-19,838.895
2009-11-20,836.542
2009-11-23,863.281
2009-11-24,859.446
2009-11-25,870.225
2009-11-26,848.175
2009-11-27,856.119
2009-11-30,846.662
2009-12-01,866.494
2009-12-02,868.267
2009-12-03,877.001
2009-12-04,871.763
2009-12-07,862.315
2009-12-08,847.863
2009-12-09,841.351
2009-12-10,847.786
2009-12-11,841.677
2009-12-14,846.735
2009-12-15,841.511
2009-12-16,856.668
2009-12-17,841.619
2009-12-18,838.725
2009-12-21,846.763
2009-12-22,852.983
2009-12-23,860.728
2009-12-24,861.266
2009-12-25,861.266
2009-12-28,866.553
2009-12-29,870.025
2009-12-30,854.361
2009-12-31,860.352
2010-01-01,860.352
2010-01-04,877.108
2010-01-05,867.492
2010-01-06,865.898
2010-01-07,862.928
2010-01-08,871.805
2010-01-11,881.924
2010-01-12,875.245
2010-01-13,873.351
2010-01-14,880.885
2010-01-15,869.95
2010-01-18,874.983
2010-01-19,871.586
2010-01-20,856.23
2010-01-21,853.749
2010-01-22,847.262
2010-01-25,841.637
2010-01-26,839.645
2010-01-27,838.255
2010-01-28,829.922
2010-01-29,828.664
2010-02-01,831.942
2010-02-02,841.312
2010-02-03,840.023
2010-02-04,815.667
2010-02-05,791.215
2010-02-08,805.672
2010-02-09,802.987
2010-02-10,803.916
2010-02-11,807.182
2010-02-12,807.948
2010-02-15,811.853
2010-02-16,824.472
2010-02-17,830.406
2010-02-18,838.119
2010-02-19,841.749
2010-02-22,843.615
2010-02-23,836.665
2010-02-24,844.942
2010-02-25,834.87
2010-02-26,849.973
2010-03-01,851.358
2010-03-02,863.397
2010-03-03,870.92
2010-03-04,867.469
2010-03-05,873.204
2010-03-08,876.658
2010-03-09,874.575
2010-03-10,880.876
2010-03-11,878.704
2010-03-12,884.125
2010-03-15,880.096
2010-03-16,893.135
2010-03-17,896.033
2010-03-18,889.701
2010-03-19,888.639
2010-03-22,889.797
2010-03-23,892.537
2010-03-24,882.533
2010-03-25,883.888
2010-03-26,879.61
2010-03-29,884.18
2010-03-30,883.764
2010-03-31,895.743
2010-04-01,904.061
2010-04-02,904.061
2010-04-05,892.34
2010-04-06,883.751
2010-04-07,875.718
2010-04-08,869.483
2010-04-09,885.142
2010-04-12,897.389
2010-04-13,894.368
2010-04-14,902.033
2010-04-15,906.284
2010-04-16,893.115
2010-04-19,882.422
2010-04-20,885.382
2010-04-21,878.667
2010-04-22,860.661
2010-04-23,869.325
2010-04-26,872.054
2010-04-27,853.968
2010-04-28,836.204
2010-04-29,850.182
2010-04-30,847.817
2010-05-03,839.258
2010-05-04,816.615
2010-05-05,801.463
2010-05-06,798.721
2010-05-07,772.992
2010-05-10,810.706
2010-05-11,814.084
2010-05-12,822.788
2010-05-13,817.768
2010-05-14,790.041
2010-05-17,785.518
2010-05-18,792.153
2010-05-19,766.757
2010-05-20,753.027
2010-05-21,749.278
2010-05-24,743.002
2010-05-25,726.603
2010-05-26,737.976
2010-05-27,752.975
2010-05-28,756.826
2010-05-31,757.206
2010-06-01,759.596
2010-06-02,762.287
2010-06-03,771.793
2010-06-04,753.399
2010-06-07,751.771
2010-06-08,752.866
2010-06-09,767.499
2010-06-10,774.384
2010-06-11,775.266
2010-06-14,790.041
2010-06-15,794.796
2010-06-16,797.221
2010-06-17,806.072
2010-06-18,805.633
2010-06-21,815.076
2010-06-22,809.56
2010-06-23,795.859
2010-06-24,794.352
2010-06-25,794.232
2010-06-28,808.895
2010-06-29,786.865
2010-06-30,789.612
2010-07-01,782.229
2010-07-02,778.51
2010-07-05,776.675
2010-07-06,796.102
2010-07-07,803.634
2010-07-08,813.969
2010-07-09,815.41
2010-07-12,814.875
2010-07-13,830.491
2010-07-14,833.835
2010-07-15,839.585
2010-07-16,819.39
2010-07-19,814.488
2010-07-20,813.311
2010-07-21,812.454
2010-07-22,827.362
2010-07-23,819.014
2010-07-26,824.347
2010-07-27,822.974
2010-07-28,827.968
2010-07-29,833.243
2010-07-30,825.947
2010-08-02,848.332
2010-08-03,848.647
2010-08-04,843.043
2010-08-05,842.743
2010-08-06,846.222
2010-08-09,847.683
2010-08-10,837.173
2010-08-11,822.289
2010-08-12,829.801
2010-08-13,829.606
2010-08-16,840.421
2010-08-17,846.354
2010-08-18,848.352
2010-08-19,847.583
2010-08-20,829.716
2010-08-23,829.895
2010-08-24,827.382
2010-08-25,823.139
2010-08-26,831.77
2010-08-27,835.616
2010-08-30,841.129
2010-08-31,847.168
2010-09-01,864.816
2010-09-02,868.679
2010-09-03,874.475
2010-09-06,879.672
2010-09-07,873.717
2010-09-08,878.405
2010-09-09,881.66
2010-09-10,876.207
2010-09-13,889.524
2010-09-14,900.197
2010-09-15,889.937
2010-09-16,877.135
2010-09-17,873.986
2010-09-20,889.445
2010-09-21,884.68
2010-09-22,891.795
2010-09-23,885.629
2010-09-24,895.594
2010-09-27,891.41
2010-09-28,895.968
2010-09-29,894.058
2010-09-30,890.651
2010-10-01,890.591
2010-10-04,888.322
2010-10-05,904.8
2010-10-06,911.906
2010-10-07,912.902
2010-10-08,914.675
2010-10-11,914.643
2010-10-12,917.756
2010-10-13,929.755
2010-10-14,931.657
2010-10-15,928.034
2010-10-18,934.699
2010-10-19,916.73
2010-10-20,932.264
2010-10-21,932.71
2010-10-22,915.967
2010-10-25,925.353
2010-10-26,907.45
2010-10-27,903.32
2010-10-28,910.702
2010-10-29,908.711
2010-11-01,904.187
2010-11-02,923.867
2010-11-03,918.992
2010-11-04,947.59
2010-11-05,950.933
2010-11-08,944.184
2010-11-09,945.136
2010-11-10,926.323
2010-11-11,923.446
2010-11-12,918.352
2010-11-15,918.468
2010-11-16,903.971
2010-11-17,905.405
2010-11-18,915.493
2010-11-19,909.101
2010-11-22,908.334
2010-11-23,888.205
2010-11-24,895.699
2010-11-25,897.109
2010-11-26,890.37
2010-11-29,879.923
2010-11-30,871.172
2010-12-01,877.855
2010-12-02,895.672
2010-12-03,907.316
2010-12-06,895.988
2010-12-07,904.51
2010-12-08,904.147
2010-12-09,912.47
2010-12-10,913.737
2010-12-13,926.981
2010-12-14,935.228
2010-12-15,937.776
2010-12-16,929.425
2010-12-17,925.386
2010-12-20,928.64
2010-12-21,940.442
2010-12-22,945.689
2010-12-23,944.153
2010-12-24,943.172
2010-12-27,938.601
2010-12-28,948.872
2010-12-29,949.767
2010-12-30,944.423
2010-12-31,949.185
2011-01-03,955.466
2011-01-04,942.091
2011-01-05,927.653
2011-01-06,930.677
2011-01-07,926.576
2011-01-10,913.841
2011-01-11,920.5
2011-01-12,936.44
2011-01-13,936.155
2011-01-14,936.021
2011-01-17,938.704
2011-01-18,949.099
2011-01-19,940.489
2011-01-20,925.267
2011-01-21,941.481
2011-01-24,959.13
2011-01-25,960.533
2011-01-26,963.996
2011-01-27,955.52
2011-01-28,953.839
2011-01-31,948.859
2011-02-01,958.008
2011-02-02,961.086
2011-02-03,949.587
2011-02-04,945.578
2011-02-07,948.875
2011-02-08,953.72
2011-02-09,949.882
2011-02-10,941.281
2011-02-11,942.904
2011-02-14,944.684
2011-02-15,950.659
2011-02-16,953.821
2011-02-17,970.179
2011-02-18,971.955
2011-02-21,971.463
2011-02-22,970.368
2011-02-23,976.568
2011-02-24,972.018
2011-02-25,973.086
2011-02-28,983.678
2011-03-01,983.362
2011-03-02,988.045
2011-03-03,983.968
2011-03-04,978.281
2011-03-07,974.88
2011-03-08,969.348
2011-03-09,963.07
2011-03-10,951.207
2011-03-11,949.875
2011-03-14,940.566
2011-03-15,920.668
2011-03-16,915.33
2011-03-17,936.125
2011-03-18,937.239
2011-03-21,953.693
2011-03-22,955.748
2011-03-23,957.504
2011-03-24,967.638
2011-03-25,963.831
2011-03-28,963.598
2011-03-29,958.365
2011-03-30,962.364
2011-03-31,964.41
2011-04-01,962.914
2011-04-04,971.404
2011-04-05,969.579
2011-04-06,979.296
2011-04-07,981.373
2011-04-08,987.466
2011-04-11,987.435
2011-04-12,988.674
2011-04-13,992.02
2011-04-14,993.107
2011-04-15,996.217
2011-04-18,974.818
2011-04-19,988.893
2011-04-20,1013.76
2011-04-21,1027.714
2011-04-22,1027.714
2011-04-25,1028.063
2011-04-26,1035.339
2011-04-27,1031.226
2011-04-28,1049.395
2011-04-29,1058.71
2011-05-02,1067.281
2011-05-03,1069.222
2011-05-04,1064.331
2011-05-05,1050.378
2011-05-06,1054.888
2011-05-09,1044.032
2011-05-10,1050.269
2011-05-11,1050.2
2011-05-12,1047.358
2011-05-13,1045.14
2011-05-16,1054.018
2011-05-17,1038.329
2011-05-18,1051.327
2011-05-19,1049.551
2011-05-20,1051.869
2011-05-23,1030.982
2011-05-24,1038.333
2011-05-25,1045.888
2011-05-26,1053.627
2011-05-27,1074.754
2011-05-30,1074.034
2011-05-31,1086.374
2011-06-01,1092.262
2011-06-02,1089.154
2011-06-03,1084.142
2011-06-06,1076.832
2011-06-07,1068.259
2011-06-08,1056.692
2011-06-09,1054.437
2011-06-10,1040.957
2011-06-13,1047.924
2011-06-14,1049.816
2011-06-15,1033.553
2011-06-16,1025.462
2011-06-17,1026.464
2011-06-20,1028.043
2011-06-21,1034.845
2011-06-22,1034.865
2011-06-23,1012.041
2011-06-24,1013.188
2011-06-27,1017.125
2011-06-28,1024.271
2011-06-29,1033.54
2011-06-30,1040.259
2011-07-01,1040.597
2011-07-04,1041.038
2011-07-05,1044.802
2011-07-06,1042.758
2011-07-07,1040.811
2011-07-08,1038.652
2011-07-11,1025.586
2011-07-12,1020.825
2011-07-13,1035.412
2011-07-14,1033.787
2011-07-15,1029.912
2011-07-18,1007.665
2011-07-19,1017.858
2011-07-20,1029.026
2011-07-21,1043.722
2011-07-22,1044.024
2011-07-25,1055.189
2011-07-26,1054.765
2011-07-27,1042.126
2011-07-28,1033.87
2011-07-29,1037.168
2011-08-01,1046.662
2011-08-02,1017.097
2011-08-03,1012.839
2011-08-04,971.93
2011-08-05,959.947
2011-08-08,924.98
2011-08-09,956.217
2011-08-10,933.714
2011-08-11,936.211
2011-08-12,963.053
2011-08-15,965.907
2011-08-16,962.507
2011-08-17,968.907
2011-08-18,931.062
2011-08-19,918.387
2011-08-22,928.529
2011-08-23,940.267
2011-08-24,952.336
2011-08-25,941.963
2011-08-26,931.804
2011-08-29,941.714
2011-08-30,944.638
2011-08-31,972.528
2011-09-01,986.088
2011-09-02,971.804
2011-09-05,927.954
2011-09-06,889.52
2011-09-07,907.912
2011-09-08,902.357
2011-09-09,872.474
2011-09-12,851.545
2011-09-13,865.142
2011-09-14,875.051
2011-09-15,886.693
2011-09-16,884.97
2011-09-19,859.954
2011-09-20,878.207
2011-09-21,868.653
2011-09-22,829.768
2011-09-23,834.133
2011-09-26,849.602
2011-09-27,884.984
2011-09-28,878.648
2011-09-29,891.678
2011-09-30,864.982
2011-10-03,852.342
2011-10-04,840.131
2011-10-05,847.242
2011-10-06,870.252
2011-10-07,876.537
2011-10-10,897.617
2011-10-11,894.866
2011-10-12,916.358
2011-10-13,898.334
2011-10-14,913.422
2011-10-17,903.241
2011-10-18,891.315
2011-10-19,897.996
2011-10-20,893.273
2011-10-21,923.722
2011-10-24,927.44
2011-10-25,918.852
2011-10-26,914.078
2011-10-27,955.466
2011-10-28,962.399
2011-10-31,933.76
2011-11-01,890.798
2011-11-02,903.178
2011-11-03,910.362
2011-11-04,904.218
2011-11-07,890.879
2011-11-08,901.301
2011-11-09,878.585
2011-11-10,872.062
2011-11-11,893.028
2011-11-14,886.7
2011-11-15,877.734
2011-11-16,881.166
2011-11-17,874.536
2011-11-18,870.691
2011-11-21,847.575
2011-11-22,846.327
2011-11-23,831.939
2011-11-24,826.331
2011-11-25,821.254
2011-11-28,850.099
2011-11-29,853.184
2011-11-30,881.883
2011-12-01,885.14
2011-12-02,883.043
2011-12-05,887.454
2011-12-06,882.958
2011-12-07,884.108
2011-12-08,877.309
2011-12-09,889.639
2011-12-12,872.524
2011-12-13,867.271
2011-12-14,850.622
2011-12-15,870.276
2011-12-16,868.416
2011-12-19,872.782
2011-12-20,884.897
2011-12-21,879.161
2011-12-22,882.936
2011-12-23,889.449
2011-12-26,889.449
2011-12-27,892.091
2011-12-28,885.795
2011-12-29,884.817
2011-12-30,898.984
2012-01-02,898.984
2012-01-03,918.97
2012-01-04,908.989
2012-01-05,896.123
2012-01-06,890.198
2012-01-09,890.024
2012-01-10,902.421
2012-01-11,891.234
2012-01-12,901.255
2012-01-13,889.005
2012-01-16,895.783
2012-01-17,903.857
2012-01-18,918.458
2012-01-19,936.643
2012-01-20,928.57
2012-01-23,937.879
2012-01-24,935.378
2012-01-25,924.584
2012-01-26,942.928
2012-01-27,930.94
2012-01-30,921.953
2012-01-31,920.526
2012-02-01,941.954
2012-02-02,939.652
2012-02-03,948.955
2012-02-06,944.645
2012-02-07,956.465
2012-02-08,956.623
2012-02-09,961.644
2012-02-10,947.791
2012-02-13,958.107
2012-02-14,950.241
2012-02-15,951.803
2012-02-16,952.304
2012-02-17,964.199
2012-02-20,973.379
2012-02-21,972.368
2012-02-22,964.5
2012-02-23,972.619
2012-02-24,981.021
2012-02-27,975.018
2012-02-28,974.058
2012-02-29,968.767
2012-03-01,967.235
2012-03-02,961.112
2012-03-05,964.024
2012-03-06,939.549
2012-03-07,948.759
2012-03-08,971.893
2012-03-09,965.834
2012-03-12,967.419
2012-03-13,976.151
2012-03-14,970.56
2012-03-15,983.333
2012-03-16,992.699
2012-03-19,995.964
2012-03-20,989.753
2012-03-21,986.665
2012-03-22,980.985
2012-03-23,984.787
2012-03-26,996.645
2012-03-27,993.917
2012-03-28,988.562
2012-03-29,976.551
2012-03-30,989.739
2012-04-02,1001.574
2012-04-03,998.244
2012-04-04,967.31
2012-04-05,963.805
2012-04-06,963.805
2012-04-09,965.116
2012-04-10,949.826
2012-04-11,952.294
2012-04-12,966.34
2012-04-13,951.204
2012-04-16,957.475
2012-04-17,976.604
2012-04-18,971.037
2012-04-19,977.84
2012-04-20,988.23
2012-04-23,967.883
2012-04-24,975.773
2012-04-25,978.757
2012-04-26,978.26
2012-04-27,979.955
2012-04-30,976.136
2012-05-01,975.116
2012-05-02,971.406
2012-05-03,970.153
2012-05-04,960.983
2012-05-07,954.137
2012-05-08,940.304
2012-05-09,930.504
2012-05-10,930.724
2012-05-11,933.812
2012-05-14,913.617
2012-05-15,908.431
2012-05-16,907.049
2012-05-17,904.649
2012-05-18,894.22
2012-05-21,900.296
2012-05-22,914.452
2012-05-23,887.719
2012-05-24,891.754
2012-05-25,889.069
2012-05-28,890.089
2012-05-29,898.281
2012-05-30,886.355
2012-05-31,876.163
2012-06-01,865.267
2012-06-04,865.066
2012-06-05,862.844
2012-06-06,881.755
2012-06-07,893.386
2012-06-08,886.39
2012-06-11,889.92
2012-06-12,893.269
2012-06-13,905.281
2012-06-14,901.203
2012-06-15,903.389
2012-06-18,904.039
2012-06-19,925.577
2012-06-20,924.882
2012-06-21,916.863
2012-06-22,908.223
2012-06-25,897.594
2012-06-26,898.57
2012-06-27,902.762
2012-06-28,899.154
2012-06-29,930.227
2012-07-02,928.956
2012-07-03,943.716
2012-07-04,937.483
2012-07-05,928.285
2012-07-06,920.083
2012-07-09,915.994
2012-07-10,917.309
2012-07-11,914.134
2012-07-12,905.268
2012-07-13,914.684
2012-07-16,916.446
2012-07-17,915.714
2012-07-18,928.629
2012-07-19,936.733
2012-07-20,923.895
2012-07-23,904.51
2012-07-24,901.472
2012-07-25,905.231
2012-07-26,932.948
2012-07-27,951.442
2012-07-30,947.193
2012-07-31,952.231
2012-08-01,950.623
2012-08-02,941.13
2012-08-03,963.521
2012-08-06,969.656
2012-08-07,969.144
2012-08-08,964.32
2012-08-09,968.244
2012-08-10,965.363
2012-08-13,966.205
2012-08-14,969.927
2012-08-15,967.014
2012-08-16,974.436
2012-08-17,970.864
2012-08-20,971.28
2012-08-21,983.724
2012-08-22,976.78
2012-08-23,982.48
2012-08-24,980.757
2012-08-27,982.98
2012-08-28,976.379
2012-08-29,973.28
2012-08-30,964.224
2012-08-31,974.148
2012-09-03,979.93
2012-09-04,966.637
2012-09-05,976.745
2012-09-06,993.349
2012-09-07,1006.249
2012-09-10,1000.46
2012-09-11,1005.346
2012-09-12,1005.327
2012-09-13,1007.379
2012-09-14,1030.325
2012-09-17,1028.301
2012-09-18,1023.002
2012-09-19,1029.425
2012-09-20,1019.656
2012-09-21,1028.44
2012-09-24,1022.662
2012-09-25,1028.67
2012-09-26,1009.274
2012-09-27,1011.684
2012-09-28,1003.53
2012-10-01,1024.034
2012-10-02,1026.399
2012-10-03,1022.532
2012-10-04,1033.322
2012-10-05,1044.034
2012-10-08,1035.407
2012-10-09,1028.919
2012-10-10,1026.015
2012-10-11,1034.126
2012-10-12,1037.599
2012-10-15,1043.199
2012-10-16,1060.236
2012-10-17,1068.533
2012-10-18,1067.044
2012-10-19,1057.946
2012-10-22,1058.912
2012-10-23,1032.295
2012-10-24,1032.757
2012-10-25,1029.208
2012-10-26,1026.771
2012-10-29,1025.597
2012-10-30,1037.656
2012-10-31,1031.538
2012-11-01,1040.35
2012-11-02,1039.186
2012-11-05,1035.455
2012-11-06,1041.917
2012-11-07,1032.53
2012-11-08,1032.905
2012-11-09,1031.901
2012-11-12,1030.128
2012-11-13,1034.609
2012-11-14,1029.467
2012-11-15,1018.9
2012-11-16,1001.445
2012-11-19,1030.905
2012-11-20,1026.43
2012-11-21,1032.464
2012-11-22,1042.776
2012-11-23,1054.157
2012-11-26,1050.136
2012-11-27,1051.444
2012-11-28,1057.617
2012-11-29,1073.937
2012-11-30,1074.437
2012-12-03,1079.157
2012-12-04,1079.598
2012-12-05,1077.858
2012-12-06,1082.983
2012-12-07,1081.311
2012-12-10,1085.167
2012-12-11,1090.95
2012-12-12,1092.436
2012-12-13,1092.481
2012-12-14,1092.253
2012-12-17,1095.565
2012-12-18,1103.431
2012-12-19,1110.545
2012-12-20,1104.955
2012-12-21,1096.192
2012-12-24,1097.87
2012-12-25,1097.87
2012-12-26,1099.672
2012-12-27,1094.73
2012-12-28,1089.44
2012-12-31,1086.881
2013-01-01,1086.881
2013-01-02,1088.725
2013-01-03,1109.166
2013-01-04,1111.475
2013-01-07,1114.249
2013-01-08,1115.465
2013-01-09,1125.444
2013-01-10,1136.7
2013-01-11,1148.928
2013-01-14,1145.354
2013-01-15,1143.342
2013-01-16,1144.907
2013-01-17,1161.476
2013-01-18,1148.494
2013-01-21,1147.021
2013-01-22,1143.154
2013-01-23,1159.119
2013-01-24,1167.996
2013-01-25,1177.101
2013-01-28,1175.919
2013-01-29,1178.162
2013-01-30,1178.843
2013-01-31,1182.304
2013-02-01,1197.576
2013-02-04,1181.49
2013-02-05,1186.502
2013-02-06,1189.398
2013-02-07,1164.075
2013-02-08,1174.197
2013-02-11,1173.034
2013-02-12,1180.784
2013-02-13,1184.883
2013-02-14,1180.823
2013-02-15,1181.277
2013-02-18,1181.444
2013-02-19,1193.708
2013-02-20,1201.383
2013-02-21,1175.518
2013-02-22,1180.264
2013-02-25,1188.186
2013-02-26,1169.447
2013-02-27,1177.033
2013-02-28,1189.996
2013-03-01,1175.331
2013-03-04,1177.308
2013-03-05,1196.691
2013-03-06,1187.779
2013-03-07,1196.289
2013-03-08,1191.076
2013-03-11,1197.073
2013-03-12,1207.422
2013-03-13,1198.542
2013-03-14,1210.702
2013-03-15,1227.872
2013-03-18,1214.092
2013-03-19,1205.648
2013-03-20,1217.303
2013-03-21,1201.56
2013-03-22,1205.635
2013-03-25,1199.463
2013-03-26,1204.374
2013-03-27,1195.26
2013-03-28,1208.832
2013-03-29,1208.832
2013-04-01,1207.684
2013-04-02,1220.024
2013-04-03,1220.584
2013-04-04,1202.014
2013-04-05,1199.847
2013-04-08,1209.418
2013-04-09,1204.732
2013-04-10,1226.728
2013-04-11,1236.28
2013-04-12,1229.402
2013-04-15,1232.707
2013-04-16,1231.386
2013-04-17,1196.463
2013-04-18,1205.055
2013-04-19,1210.899
2013-04-22,1202.041
2013-04-23,1225.477
2013-04-24,1226.905
2013-04-25,1234.688
2013-04-26,1234.914
2013-04-29,1250.397
2013-04-30,1262.046
2013-05-01,1263.542
2013-05-02,1254.614
2013-05-03,1259.404
2013-05-06,1251.899
2013-05-07,1256.901
2013-05-08,1282.351
2013-05-09,1275.263
2013-05-10,1265.644
2013-05-13,1260.602
2013-05-14,1266.862
2013-05-15,1272.6
2013-05-16,1274.768
2013-05-17,1260.771
2013-05-20,1267.022
2013-05-21,1269.153
2013-05-22,1271.263
2013-05-23,1248.438
2013-05-24,1260.407
2013-05-27,1257.169
2013-05-28,1248.272
2013-05-29,1238.192
2013-05-30,1246.48
2013-05-31,1227.071
2013-06-03,1208.41
2013-06-04,1230.048
2013-06-05,1217.114
2013-06-06,1208.293
2013-06-07,1234.121
2013-06-10,1229.371
2013-06-11,1225.838
2013-06-12,1232.127
2013-06-13,1222.651
2013-06-14,1227.773
2013-06-17,1237.298
2013-06-18,1238.367
2013-06-19,1244.689
2013-06-20,1191.245
2013-06-21,1174.779
2013-06-24,1147.751
2013-06-25,1165.01
2013-06-26,1186.416
2013-06-27,1196.718
2013-06-28,1201.485
2013-07-01,1209.374
2013-07-02,1207.236
2013-07-03,1196.806
2013-07-04,1212.185
2013-07-05,1197.402
2013-07-08,1206.001
2013-07-09,1207.181
2013-07-10,1218.865
2013-07-11,1242.27
2013-07-12,1244.976
2013-07-15,1244.121
2013-07-16,1244.638
2013-07-17,1241.557
2013-07-18,1238.596
2013-07-19,1245.918
2013-07-22,1252.251
2013-07-23,1245.897
2013-07-24,1251.827
2013-07-25,1244.49
2013-07-26,1239.155
2013-07-29,1239.459
2013-07-30,1239.883
2013-07-31,1243.236
2013-08-01,1237.045
2013-08-02,1267.53
2013-08-05,1265.271
2013-08-06,1277.279
2013-08-07,1276.385
2013-08-08,1276.951
2013-08-09,1277.571
2013-08-12,1274.713
2013-08-13,1271.181
2013-08-14,1277.198
2013-08-15,1261.478
2013-08-16,1270.445
2013-08-19,1267.815
2013-08-20,1276.97
2013-08-21,1265.662
2013-08-22,1276.277
2013-08-23,1286.615
2013-08-26,1284.447
2013-08-27,1269.601
2013-08-28,1247.203
2013-08-29,1230.957
2013-08-30,1227.413
2013-09-02,1247.514
2013-09-03,1237.893
2013-09-04,1242.398
2013-09-05,1238.71
2013-09-06,1249.985
2013-09-09,1256.884
2013-09-10,1269.033
2013-09-11,1276.263
2013-09-12,1277.489
2013-09-13,1271.669
2013-09-16,1281.548
2013-09-17,1276.539
2013-09-18,1285.422
2013-09-19,1314.031
2013-09-20,1313.678
2013-09-23,1307.02
2013-09-24,1305.146
2013-09-25,1306.763
2013-09-26,1307.694
2013-09-27,1316.128
2013-09-30,1310.807
2013-10-01,1313.734
2013-10-02,1305.645
2013-10-03,1304.296
2013-10-04,1299.762
2013-10-07,1288.491
2013-10-08,1280.888
2013-10-09,1259.599
2013-10-10,1274.381
2013-10-11,1289.764
2013-10-14,1291.914
2013-10-15,1288.62
2013-10-16,1286.67
2013-10-17,1314.401
2013-10-18,1324.859
2013-10-21,1330.67
2013-10-22,1354.863
2013-10-23,1359.632
2013-10-24,1362.665
2013-10-25,1361.66
2013-10-28,1366.512
2013-10-29,1353.351
2013-10-30,1354.29
2013-10-31,1340.414
2013-11-01,1328.757
2013-11-04,1324.512
2013-11-05,1316.828
2013-11-06,1329.981
2013-11-07,1319.707
2013-11-08,1315.983
2013-11-11,1326.173
2013-11-12,1327.473
2013-11-13,1319.533
2013-11-14,1335.651
2013-11-15,1339.659
2013-11-18,1349.415
2013-11-19,1341.328
2013-11-20,1334.72
2013-11-21,1330.901
2013-11-22,1336.781
2013-11-25,1341.829
2013-11-26,1336.747
2013-11-27,1337.251
2013-11-28,1342.544
2013-11-29,1347.435
2013-12-02,1340.957
2013-12-03,1320.712
2013-12-04,1309.362
2013-12-05,1317.185
2013-12-06,1329.464
2013-12-09,1331.739
2013-12-10,1324.241
2013-12-11,1324.411
2013-12-12,1301.289
2013-12-13,1295.649
2013-12-16,1304.69
2013-12-17,1299.674
2013-12-18,1309.519
2013-12-19,1318.495
2013-12-20,1329.248
2013-12-23,1337.236
2013-12-24,1332.165
2013-12-25,1332.165
2013-12-26,1333.652
2013-12-27,1363.707
2013-12-30,1363.19
2013-12-31,1358.668
2014-01-01,1358.668
2014-01-02,1341.473
2014-01-03,1347.197
2014-01-06,1348.286
2014-01-07,1347.624
2014-01-08,1353.067
2014-01-09,1343.542
2014-01-10,1365.023
2014-01-13,1372.847
2014-01-14,1370.788
2014-01-15,1363.14
2014-01-16,1371.16
2014-01-17,1370.909
2014-01-20,1371.588
2014-01-21,1369.494
2014-01-22,1367.832
2014-01-23,1373.134
2014-01-24,1349.062
2014-01-27,1334.626
2014-01-28,1339.429
2014-01-29,1335.067
2014-01-30,1335.487
2014-01-31,1329.329
2014-02-03,1320.693
2014-02-04,1315.675
2014-02-05,1320.872
2014-02-06,1343.744
2014-02-07,1362.168
2014-02-10,1366.567
2014-02-11,1375.367
2014-02-12,1372.054
2014-02-13,1378.726
2014-02-14,1386.074
2014-02-17,1388.305
2014-02-18,1394.249
2014-02-19,1393.83
2014-02-20,1386.231
2014-02-21,1397.198
2014-02-24,1403.777
2014-02-25,1409.03
2014-02-26,1406.989
2014-02-27,1406.353
2014-02-28,1420.558
2014-03-03,1388.682
2014-03-04,1406.428
2014-03-05,1407.98
2014-03-06,1425.1
2014-03-07,1412.037
2014-03-10,1411.797
2014-03-11,1409.079
2014-03-12,1406.144
2014-03-13,1391.839
2014-03-14,1378.392
2014-03-17,1384.071
2014-03-18,1395.285
2014-03-19,1391.941
2014-03-20,1384.658
2014-03-21,1389.277
2014-03-24,1374.584
2014-03-25,1388.875
2014-03-26,1395.926
2014-03-27,1392.874
2014-03-28,1400.236
2014-03-31,1419.087
2014-04-01,1419.32
2014-04-02,1423.538
2014-04-03,1417.051
2014-04-04,1414.422
2014-04-07,1407.086
2014-04-08,1416.428
2014-04-09,1420.574
2014-04-10,1426.911
2014-04-11,1409.075
2014-04-14,1413.145
2014-04-15,1409.814
2014-04-16,1411.923
2014-04-17,1421.855
2014-04-18,1421.855
2014-04-21,1417.269
2014-04-22,1428.566
2014-04-23,1430.709
2014-04-24,1425.351
2014-04-25,1421.907
2014-04-28,1424.223
2014-04-29,1426.953
2014-04-30,1439.385
2014-05-01,1441.022
2014-05-02,1435.813
2014-05-05,1434.837
2014-05-06,1439.582
2014-05-07,1441.322
2014-05-08,1443.929
2014-05-09,1438.699
2014-05-12,1442.733
2014-05-13,1440.181
2014-05-14,1452.679
2014-05-15,1459.306
2014-05-16,1464.473
2014-05-19,1457.805
2014-05-20,1455.344
2014-05-21,1454.242
2014-05-22,1459.981
2014-05-23,1458.702
2014-05-26,1462.35
2014-05-27,1455.971
2014-05-28,1454.813
2014-05-29,1457.653
2014-05-30,1456.751
2014-06-02,1453.611
2014-06-03,1450.276
2014-06-04,1452.31
2014-06-05,1449.564
2014-06-06,1453.812
2014-06-09,1447.817
2014-06-10,1459.845
2014-06-11,1453.79
2014-06-12,1448.503
2014-06-13,1442.131
2014-06-16,1445.941
2014-06-17,1441.744
2014-06-18,1444.361
2014-06-19,1455.372
2014-06-20,1451.565
2014-06-23,1444.843
2014-06-24,1448.824
2014-06-25,1438.84
2014-06-26,1427.952
2014-06-27,1437.575
2014-06-30,1442.632
2014-07-01,1450.718
2014-07-02,1447.244
2014-07-03,1455.063
2014-07-04,1450.083
2014-07-07,1440.54
2014-07-08,1433.939
2014-07-09,1433.714
2014-07-10,1421.382
2014-07-11,1420.366
2014-07-14,1438.514
2014-07-15,1433.848
2014-07-16,1436.588
2014-07-17,1424.413
2014-07-18,1416.901
2014-07-21,1418.137
2014-07-22,1424.167
2014-07-23,1426.281
2014-07-24,1431.424
2014-07-25,1417.312
2014-07-28,1412.04
2014-07-29,1407.373
2014-07-30,1396.373
2014-07-31,1382.606
2014-08-01,1388.792
2014-08-04,1368.979
2014-08-05,1370.274
2014-08-06,1363.666
2014-08-07,1367.827
2014-08-08,1369.663
2014-08-11,1375.205
2014-08-12,1372.282
2014-08-13,1383.612
2014-08-14,1393.283
2014-08-15,1384.584
2014-08-18,1395.481
2014-08-19,1402.807
2014-08-20,1399.5
2014-08-21,1406.113
2014-08-22,1398.097
2014-08-25,1406.822
2014-08-26,1415.944
2014-08-27,1417.159
2014-08-28,1408.246
2014-08-29,1412.528
2014-09-01,1420.885
2014-09-02,1421.652
2014-09-03,1429.671
2014-09-04,1417.218
2014-09-05,1408.997
2014-09-08,1412.442
2014-09-09,1409.661
2014-09-10,1403.128
2014-09-11,1409.565
2014-09-12,1403.564
2014-09-15,1402.937
2014-09-16,1406.965
2014-09-17,1408.992
2014-09-18,1410.68
2014-09-19,1403.734
2014-09-22,1397.961
2014-09-23,1394.615
2014-09-24,1392.392
2014-09-25,1383.575
2014-09-26,1377.72
2014-09-29,1377.406
2014-09-30,1379.521
2014-10-01,1368.99
2014-10-02,1353.227
2014-10-03,1339.771
2014-10-06,1349.183
2014-10-07,1331.006
2014-10-08,1330.572
2014-10-09,1331.016
2014-10-10,1305.422
2014-10-13,1308.406
2014-10-14,1306.089
2014-10-15,1286.036
2014-10-16,1274.91
2014-10-17,1302.595
2014-10-20,1310.55
2014-10-21,1323.799
2014-10-22,1333.393
2014-10-23,1336.671
2014-10-24,1336.96
2014-10-27,1340.263
2014-10-28,1360.44
2014-10-29,1366.338
2014-10-30,1361.069
2014-10-31,1368.857
2014-11-03,1350.917
2014-11-04,1355.957
2014-11-05,1367.562
2014-11-06,1365.316
2014-11-07,1357.144
2014-11-10,1368.887
2014-11-11,1370.544
2014-11-12,1373.235
2014-11-13,1385.858
2014-11-14,1382.194
2014-11-17,1381.284
2014-11-18,1396.165
2014-11-19,1397.993
2014-11-20,1400.415
2014-11-21,1399.451
2014-11-24,1397.854
2014-11-25,1399.693
2014-11-26,1407.613
2014-11-27,1413.092
2014-11-28,1415.483
2014-12-01,1414.224
2014-12-02,1402.837
2014-12-03,1398.889
2014-12-04,1405.605
2014-12-05,1403.649
2014-12-08,1398.553
2014-12-09,1393.929
2014-12-10,1386.708
2014-12-11,1390.665
2014-12-12,1374.315
2014-12-15,1341.7
2014-12-16,1364.171
2014-12-17,1348.991
2014-12-18,1368.71
2014-12-19,1361.36
2014-12-22,1369.578
2014-12-23,1359.651
2014-12-24,1360.96
2014-12-25,1360.96
2014-12-26,1358.619
2014-12-29,1361.187
2014-12-30,1352.35
2014-12-31,1345.409
2015-01-01,1345.409
2015-01-02,1338.003
2015-01-05,1320.497
2015-01-06,1309.566
2015-01-07,1301.046
2015-01-08,1333.836
2015-01-09,1332.965
2015-01-12,1337.503
2015-01-13,1353.03
2015-01-14,1340.826
2015-01-15,1374.081
2015-01-16,1378.261
2015-01-19,1385.975
2015-01-20,1386.391
2015-01-21,1383.496
2015-01-22,1368.243
2015-01-23,1384.439
2015-01-26,1374.835
2015-01-27,1385.479
2015-01-28,1366.755
2015-01-29,1366.467
2015-01-30,1355.391
2015-02-02,1355.287
2015-02-03,1360.598
2015-02-04,1383.74
2015-02-05,1374.212
2015-02-06,1380.828
2015-02-09,1387.398
2015-02-10,1383.683
2015-02-11,1375.053
2015-02-12,1377.548
2015-02-13,1381.701
2015-02-16,1393.006
2015-02-17,1391.45
2015-02-18,1385.984
2015-02-19,1395.426
2015-02-20,1399.279
2015-02-23,1407.688
2015-02-24,1406.864
2015-02-25,1406.165
2015-02-26,1410.882
2015-02-27,1413.712
2015-03-02,1407.188
2015-03-03,1392.898
2015-03-04,1396.198
2015-03-05,1392.997
2015-03-06,1384.123
2015-03-09,1374.662
2015-03-10,1353.834
2015-03-11,1354.289
2015-03-12,1361.883
2015-03-13,1364.835
2015-03-16,1374.73
2015-03-17,1372.37
2015-03-18,1393.752
2015-03-19,1408.579
2015-03-20,1441.223
2015-03-23,1450.557
2015-03-24,1452.044
2015-03-25,1437.272
2015-03-26,1415.791
2015-03-27,1420.214
2015-03-30,1424.658
2015-03-31,1408.411
2015-04-01,1415.289
2015-04-02,1429.227
2015-04-03,1429.227
2015-04-06,1439.752
2015-04-07,1445.394
2015-04-08,1437.968
2015-04-09,1445.497
2015-04-10,1451.892
2015-04-13,1446.929
2015-04-14,1458.77
2015-04-15,1454.75
2015-04-16,1468.249
2015-04-17,1456.907
2015-04-20,1460.537
2015-04-21,1468.907
2015-04-22,1460.683
2015-04-23,1474.785
2015-04-24,1472.389
2015-04-27,1480.335
2015-04-28,1469.681
2015-04-29,1465.336
2015-04-30,1463.423
2015-05-01,1471.907
2015-05-04,1472.049
2015-05-05,1476.06
2015-05-06,1473.373
2015-05-07,1462.025
2015-05-08,1485.314
2015-05-11,1482.269
2015-05-12,1482.945
2015-05-13,1496.44
2015-05-14,1500.282
2015-05-15,1508.488
2015-05-18,1513.151
2015-05-19,1503.092
2015-05-20,1506.028
2015-05-21,1517.268
2015-05-22,1504.395
2015-05-25,1504.395
2015-05-26,1481.003
2015-05-27,1497.453
2015-05-28,1506.72
2015-05-29,1485.306
2015-06-01,1485.815
2015-06-02,1494.182
2015-06-03,1500.479
2015-06-04,1499.703
2015-06-05,1458.037
2015-06-08,1465.07
2015-06-09,1460.257
2015-06-10,1483.831
2015-06-11,1479.709
2015-06-12,1476.177
2015-06-15,1445.975
2015-06-16,1458.144
2015-06-17,1451.156
2015-06-18,1465.805
2015-06-19,1456.984
2015-06-22,1489.825
2015-06-23,1481.647
2015-06-24,1470.731
2015-06-25,1460.658
2015-06-26,1458.909
2015-06-29,1445.366
2015-06-30,1422.371
2015-07-01,1428.896
2015-07-02,1438.772
2015-07-03,1433.574
2015-07-06,1423.225
2015-07-07,1398.437
2015-07-08,1412.333
2015-07-09,1437.589
2015-07-10,1474.506
2015-07-13,1475.912
2015-07-14,1491.036
2015-07-15,1482.542
2015-07-16,1501.157
2015-07-17,1491.036
2015-07-20,1493.328
2015-07-21,1487.206
2015-07-22,1462.699
2015-07-23,1482.346
2015-07-24,1473.077
2015-07-27,1455.361
2015-07-28,1456.623
2015-07-29,1477.336
2015-07-30,1468.976
2015-07-31,1486.859
2015-08-03,1483.841
2015-08-04,1477.526
2015-08-05,1472.053
2015-08-06,1461.455
2015-08-07,1452.1
2015-08-10,1462.349
2015-08-11,1453.369
2015-08-12,1435.869
2015-08-13,1448.873
2015-08-14,1451.582
2015-08-17,1456.148
2015-08-18,1455.573
2015-08-19,1444.571
2015-08-20,1433.344
2015-08-21,1399.357
2015-08-24,1372.909
2015-08-25,1402.272
2015-08-26,1370.982
2015-08-27,1389.12
2015-08-28,1387.398
2015-08-31,1384.177
2015-09-01,1359.803
2015-09-02,1349.458
2015-09-03,1362.372
2015-09-04,1345.837
2015-09-07,1353.106
2015-09-08,1357.937
2015-09-09,1376.613
2015-09-10,1364.577
2015-09-11,1364.62
2015-09-14,1358.921
2015-09-15,1370.79
2015-09-16,1390.33
2015-09-17,1385.287
2015-09-18,1382.047
2015-09-21,1371.685
2015-09-22,1321.642
2015-09-23,1309.629
2015-09-24,1297.63
2015-09-25,1322.404
2015-09-28,1306.625
2015-09-29,1301.286
2015-09-30,1324.533
2015-10-01,1327.185
2015-10-02,1335.993
2015-10-05,1362.882
2015-10-06,1374.506
2015-10-07,1351.846
2015-10-08,1363.221
2015-10-09,1370.69
2015-10-12,1377.696
2015-10-13,1370.936
2015-10-14,1368.599
2015-10-15,1383.492
2015-10-16,1390.81
2015-10-19,1380.795
2015-10-20,1376.251
2015-10-21,1364.924
2015-10-22,1373.248
2015-10-23,1385.012
2015-10-26,1377.704
2015-10-27,1364.504
2015-10-28,1377.544
2015-10-29,1371.594
2015-10-30,1377.291
2015-11-02,1377.969
2015-11-03,1368.045
2015-11-04,1368.197
2015-11-05,1370.907
2015-11-06,1356.887
2015-11-09,1343.97
2015-11-10,1335.648
2015-11-11,1344.503
2015-11-12,1335.693
2015-11-13,1319.814
2015-11-16,1316.907
2015-11-17,1340.535
2015-11-18,1340.642
2015-11-19,1349.084
2015-11-20,1347.057
2015-11-23,1328.727
2015-11-24,1315.216
2015-11-25,1324.68
2015-11-26,1329.506
2015-11-27,1327.26
2015-11-30,1327.896
2015-12-01,1327.399
2015-12-02,1331.405
2015-12-03,1340.527
2015-12-04,1337.895
2015-12-07,1340.158
2015-12-08,1329.449
2015-12-09,1325.77
2015-12-10,1326.652
2015-12-11,1313.56
2015-12-14,1297.194
2015-12-15,1316.463
2015-12-16,1324.381
2015-12-17,1320.96
2015-12-18,1316.39
2015-12-21,1309.39
2015-12-22,1310.11
2015-12-23,1332.159
2015-12-24,1340.322
2015-12-25,1340.322
2015-12-28,1343.93
2015-12-29,1359.992
2015-12-30,1353.09
2015-12-31,1338.559
2016-01-01,1338.559
2016-01-04,1308.286
2016-01-05,1306.66
2016-01-06,1297.387
2016-01-07,1279.945
2016-01-08,1260.539
2016-01-11,1246.176
2016-01-12,1261.842
2016-01-13,1266.616
2016-01-14,1251.118
2016-01-15,1233.809
2016-01-18,1222.887
2016-01-19,1245.129
2016-01-20,1206.432
2016-01-21,1206.453
2016-01-22,1238.737
2016-01-25,1233.119
2016-01-26,1239.878
2016-01-27,1241.896
2016-01-28,1221.143
2016-01-29,1233.221
2016-02-01,1240.922
2016-02-02,1220.844
2016-02-03,1225.238
2016-02-04,1219.974
2016-02-05,1218.812
2016-02-08,1193.523
2016-02-09,1189.646
2016-02-10,1201.406
2016-02-11,1172.155
2016-02-12,1192.294
2016-02-15,1208.02
2016-02-16,1202.245
2016-02-17,1216.868
2016-02-18,1210.223
2016-02-19,1205.147
2016-02-22,1211.66
2016-02-23,1197.35
2016-02-24,1183.48
2016-02-25,1203.072
2016-02-26,1204.466
2016-02-29,1202.186
2016-03-01,1217.723
2016-03-02,1227.238
2016-03-03,1227.31
2016-03-04,1230.32
2016-03-07,1230.134
2016-03-08,1231.201
2016-03-09,1226.235
2016-03-10,1223.912
2016-03-11,1244.657
2016-03-14,1245.461
2016-03-15,1236.049
2016-03-16,1226.813
2016-03-17,1243.832
2016-03-18,1237.768
2016-03-21,1243.721
2016-03-22,1239.334
2016-03-23,1241.774
2016-03-24,1218.627
2016-03-25,1218.627
2016-03-28,1223.198
2016-03-29,1223.565
2016-03-30,1248.962
2016-03-31,1248.472
2016-04-01,1225.885
2016-04-04,1236.784
2016-04-05,1229.879
2016-04-06,1245.793
2016-04-07,1247.555
2016-04-08,1259.729
2016-04-11,1257.852
2016-04-12,1255.546
2016-04-13,1269.036
2016-04-14,1280.745
2016-04-15,1280.403
2016-04-18,1289.132
2016-04-19,1311.976
2016-04-20,1310.934
2016-04-21,1295.93
2016-04-22,1282.065
2016-04-25,1280.986
2016-04-26,1284.089
2016-04-27,1286.854
2016-04-28,1291.641
2016-04-29,1284.446
2016-05-02,1291.645
2016-05-03,1274.123
2016-05-04,1251.852
2016-05-05,1238.014
2016-05-06,1233.237
2016-05-09,1246.341
2016-05-10,1260.987
2016-05-11,1264.964
2016-05-12,1264.751
2016-05-13,1259.376
2016-05-16,1258.409
2016-05-17,1256.816
2016-05-18,1260.357
2016-05-19,1241.052
2016-05-20,1251.788
2016-05-23,1258.153
2016-05-24,1270.495
2016-05-25,1278.821
2016-05-26,1290.761
2016-05-27,1297.222
2016-05-30,1295.519
2016-05-31,1282.995
2016-06-01,1286.25
2016-06-02,1286.992
2016-06-03,1292.882
2016-06-06,1304.771
2016-06-07,1319.592
2016-06-08,1317.817
2016-06-09,1300.136
2016-06-10,1278.068
2016-06-13,1251.16
2016-06-14,1231.311
2016-06-15,1239.815
2016-06-16,1226.14
2016-06-17,1246.506
2016-06-20,1278.585
2016-06-21,1285.752
2016-06-22,1289.776
2016-06-23,1301.731
2016-06-24,1244.411
2016-06-27,1204.836
2016-06-28,1233.485
2016-06-29,1265.961
2016-06-30,1280.122
2016-07-01,1290.687
2016-07-04,1289.671
2016-07-05,1267.863
2016-07-06,1256.438
2016-07-07,1267.006
2016-07-08,1269.476
2016-07-11,1285.125
2016-07-12,1283.002
2016-07-13,1287.412
2016-07-14,1295.122
2016-07-15,1290.597
2016-07-18,1288.932
2016-07-19,1280.568
2016-07-20,1292.491
2016-07-21,1286.853
2016-07-22,1289.162
2016-07-25,1290.264
2016-07-26,1288.393
2016-07-27,1286.961
2016-07-28,1282.437
2016-07-29,1307.875
2016-08-01,1307.402
2016-08-02,1292.274
2016-08-03,1282.262
2016-08-04,1290.779
2016-08-05,1299.149
2016-08-08,1291.516
2016-08-09,1302.844
2016-08-10,1306.838
2016-08-11,1328.449
2016-08-12,1326.432
2016-08-15,1329.4
2016-08-16,1324.943
2016-08-17,1315.938
2016-08-18,1328.662
2016-08-19,1316.149
2016-08-22,1317.97
2016-08-23,1324.833
2016-08-24,1315.636
2016-08-25,1306.235
2016-08-26,1309.516
2016-08-29,1296.896
2016-08-30,1302.121
2016-08-31,1295.885
2016-09-01,1289.499
2016-09-02,1313.655
2016-09-05,1315.883
2016-09-06,1326.046
2016-09-07,1332.837
2016-09-08,1331.436
2016-09-09,1314.014
2016-09-12,1308.79
2016-09-13,1304.726
2016-09-14,1302.493
2016-09-15,1306.408
2016-09-16,1288.864
2016-09-19,1298.23
2016-09-20,1306.133
2016-09-21,1307.787
2016-09-22,1334.843
2016-09-23,1323.729
2016-09-26,1311.297
2016-09-27,1306.942
2016-09-28,1312.248
2016-09-29,1311.748
2016-09-30,1304.994
2016-10-03,1305.445
2016-10-04,1304.146
2016-10-05,1302.719
2016-10-06,1294.573
2016-10-07,1288.222
2016-10-10,1290.793
2016-10-11,1279.258
2016-10-12,1266.392
2016-10-13,1258.792
2016-10-14,1273.02
2016-10-17,1256.654
2016-10-18,1266.389
2016-10-19,1271.314
2016-10-20,1265.594
2016-10-21,1255.372
2016-10-24,1251.65
2016-10-25,1238.492
2016-10-26,1237.26
2016-10-27,1242.049
2016-10-28,1239.556
2016-10-31,1231.455
2016-11-01,1234.014
2016-11-02,1236.052
2016-11-03,1220.958
2016-11-04,1221.699
2016-11-07,1233.173
2016-11-08,1237.918
2016-11-09,1251.703
2016-11-10,1248.929
2016-11-11,1240.798
2016-11-14,1229.103
2016-11-15,1227.893
2016-11-16,1222.157
2016-11-17,1230.29
2016-11-18,1212.271
2016-11-21,1206.874
2016-11-22,1185.783
2016-11-23,1181.112
2016-11-24,1189.091
2016-11-25,1202.771
2016-11-28,1191.035
2016-11-29,1192.713
2016-11-30,1194.078
2016-12-01,1185.495
2016-12-02,1187.314
2016-12-05,1198.129
2016-12-06,1209.598
2016-12-07,1216.057
2016-12-08,1208.076
2016-12-09,1225.934
2016-12-12,1221.66
2016-12-13,1246.46
2016-12-14,1247.265
2016-12-15,1231.096
2016-12-16,1232.961
2016-12-19,1241.218
2016-12-20,1237.435
2016-12-21,1238.129
2016-12-22,1238.774
2016-12-23,1237.51
2016-12-26,1237.51
2016-12-27,1237.795
2016-12-28,1235.145
2016-12-29,1242.172
2016-12-30,1246.479
2017-01-02,1246.479
2017-01-03,1244.781
2017-01-04,1257.303
2017-01-05,1279.816
2017-01-06,1279.5
2017-01-09,1277.339
2017-01-10,1284.553
2017-01-11,1269.237
2017-01-12,1281.036
2017-01-13,1291.141
2017-01-16,1275.774
2017-01-17,1276.307
2017-01-18,1279.11
2017-01-19,1261.674
2017-01-20,1269.683
2017-01-23,1269.847
2017-01-24,1273.485
2017-01-25,1295.15
2017-01-26,1288.927
2017-01-27,1288.52
2017-01-30,1279.79
2017-01-31,1291.605
2017-02-01,1290.044
2017-02-02,1286.209
2017-02-03,1295.4
2017-02-06,1289.585
2017-02-07,1288.914
2017-02-08,1295.782
2017-02-09,1295.506
2017-02-10,1291.603
2017-02-13,1292.171
2017-02-14,1281.983
2017-02-15,1290.825
2017-02-16,1300.421
2017-02-17,1303.971
2017-02-20,1303.252
2017-02-21,1301.749
2017-02-22,1301.88
2017-02-23,1307.17
2017-02-24,1299.029
2017-02-27,1298.895
2017-02-28,1307.677
2017-03-01,1312.028
2017-03-02,1321.458
2017-03-03,1322.768
2017-03-06,1321.126
2017-03-07,1312.214
2017-03-08,1311.225
2017-03-09,1312.757
2017-03-10,1323.122
2017-03-13,1329.611
2017-03-14,1326.393
2017-03-15,1329.866
2017-03-16,1348.45
2017-03-17,1349.889
2017-03-20,1350.939
2017-03-21,1342.431
2017-03-22,1340.087
2017-03-23,1346.834
2017-03-24,1346.149
2017-03-27,1354.425
2017-03-28,1354.143
2017-03-29,1345.994
2017-03-30,1353.454
2017-03-31,1342.298
2017-04-03,1335.724
2017-04-04,1339.797
2017-04-05,1335.757
2017-04-06,1335.589
2017-04-07,1332.266
2017-04-10,1332.7
2017-04-11,1338.62
2017-04-12,1344.218
2017-04-13,1339.057
2017-04-14,1339.057
2017-04-17,1343.268
2017-04-18,1331.735
2017-04-19,1333.701
2017-04-20,1341.34
2017-04-21,1336.247
2017-04-24,1365.794
2017-04-25,1380.508
2017-04-26,1388.039
2017-04-27,1391.184
2017-04-28,1385.935
2017-05-01,1388.026
2017-05-02,1396.927
2017-05-03,1404.828
2017-05-04,1420.376
2017-05-05,1430.184
2017-05-08,1424.491
2017-05-09,1426.114
2017-05-10,1417.687
2017-05-11,1415.818
2017-05-12,1430.518
2017-05-15,1436.213
2017-05-16,1453.238
2017-05-17,1445.898
2017-05-18,1436.035
2017-05-19,1454.903
2017-05-22,1468.004
2017-05-23,1465.607
2017-05-24,1453.227
2017-05-25,1459.953
2017-05-26,1456.877
2017-05-29,1451.716
2017-05-30,1448.876
2017-05-31,1463.295
2017-06-01,1461.552
2017-06-02,1472.102
2017-06-05,1470.957
2017-06-06,1450.277
2017-06-07,1445.12
2017-06-08,1428.646
2017-06-09,1429.444
2017-06-12,1425.825
2017-06-13,1436.143
2017-06-14,1435.788
2017-06-15,1424.62
2017-06-16,1445.883
2017-06-19,1455.403
2017-06-20,1451.459
2017-06-21,1446.277
2017-06-22,1460.89
2017-06-23,1463.279
2017-06-26,1476.987
2017-06-27,1477.13
2017-06-28,1485.389
2017-06-29,1468.233
2017-06-30,1460.534
2017-07-03,1468.296
2017-07-04,1458.616
2017-07-05,1453.61
2017-07-06,1447.838
2017-07-07,1444.756
2017-07-10,1451.104
2017-07-11,1437.784
2017-07-12,1467.129
2017-07-13,1459.75
2017-07-14,1467.901
2017-07-17,1472.129
2017-07-18,1477.483
2017-07-19,1482.979
2017-07-20,1488.855
2017-07-21,1480.244
2017-07-24,1474.604
2017-07-25,1476.042
2017-07-26,1467.337
2017-07-27,1464.2
2017-07-28,1456.693
2017-07-31,1467.689
2017-08-01,1466.397
2017-08-02,1474.426
2017-08-03,1475.482
2017-08-04,1475.432
2017-08-07,1472.628
2017-08-08,1468.18
2017-08-09,1461.819
2017-08-10,1453.214
2017-08-11,1444.176
2017-08-14,1456.491
2017-08-15,1448.467
2017-08-16,1448.646
2017-08-17,1450.79
2017-08-18,1443.471
2017-08-21,1446.394
2017-08-22,1448.135
2017-08-23,1452.613
2017-08-24,1449.979
2017-08-25,1453.06
2017-08-28,1451.36
2017-08-29,1455.257
2017-08-30,1442.186
2017-08-31,1452.541
2017-09-01,1451.74
2017-09-04,1448.605
2017-09-05,1450.356
2017-09-06,1451.987
2017-09-07,1460.699
2017-09-08,1468.896
2017-09-11,1473.146
2017-09-12,1473.086
2017-09-13,1466.977
2017-09-14,1464.429
2017-09-15,1467.357
2017-09-18,1470.05
2017-09-19,1472.823
2017-09-20,1474.669
2017-09-21,1463.594
2017-09-22,1470.186
2017-09-25,1471.662
2017-09-26,1467.148
2017-09-27,1457.995
2017-09-28,1464.008
2017-09-29,1476.337
2017-10-02,1481.959
2017-10-03,1488.62
2017-10-04,1487.813
2017-10-05,1478.804
2017-10-06,1477.603
2017-10-09,1476.568
2017-10-10,1484.817
2017-10-11,1486.921
2017-10-12,1485.919
2017-10-13,1491.443
2017-10-16,1484.497
2017-10-17,1476.387
2017-10-18,1480.527
2017-10-19,1479.596
2017-10-20,1465.328
2017-10-23,1462.401
2017-10-24,1447.79
2017-10-25,1428.842
2017-10-26,1436.732
2017-10-27,1429.653
2017-10-30,1433.034
2017-10-31,1445.376
2017-11-01,1443.817
2017-11-02,1450.244
2017-11-03,1453.557
2017-11-06,1448.233
2017-11-07,1439.079
2017-11-08,1444.466
2017-11-09,1434.392
2017-11-10,1432.415
2017-11-13,1437.3
2017-11-14,1437.209
2017-11-15,1434.035
2017-11-16,1437.244
2017-11-17,1446.773
2017-11-20,1464.36
2017-11-21,1466.654
2017-11-22,1475.31
2017-11-23,1482.051
2017-11-24,1488.344
2017-11-27,1477.335
2017-11-28,1482.01
2017-11-29,1478.703
2017-11-30,1483.087
2017-12-01,1473.268
2017-12-04,1481.541
2017-12-05,1471.325
2017-12-06,1472.101
2017-12-07,1460.917
2017-12-08,1465.823
2017-12-11,1470.804
2017-12-12,1474.606
2017-12-13,1484.518
2017-12-14,1480.972
2017-12-15,1480.262
2017-12-18,1496.902
2017-12-19,1485.486
2017-12-20,1474.679
2017-12-21,1485.118
2017-12-22,1479.767
2017-12-25,1479.767
2017-12-26,1480.066
2017-12-27,1487.958
2017-12-28,1498.35
2017-12-29,1501.35
2018-01-01,1501.35
2018-01-02,1504.902
2018-01-03,1510.142
2018-01-04,1517.411
2018-01-05,1523.723
2018-01-08,1520.373
2018-01-09,1521.993
2018-01-10,1516.475
2018-01-11,1514.559
2018-01-12,1526.575
2018-01-15,1538.086
2018-01-16,1527.844
2018-01-17,1526.002
2018-01-18,1528.789
2018-01-19,1532.092
2018-01-22,1536.849
2018-01-23,1547.035
2018-01-24,1566.318
2018-01-25,1577.737
2018-01-26,1577.379
2018-01-29,1564.65
2018-01-30,1564.26
2018-01-31,1558.329
2018-02-01,1554.375
2018-02-02,1535.948
2018-02-05,1508.279
2018-02-06,1462.546
2018-02-07,1476.388
2018-02-08,1450.323
2018-02-09,1436.63
2018-02-12,1461.392
2018-02-13,1457.497
2018-02-14,1485.973
2018-02-15,1496.355
2018-02-16,1504.722
2018-02-19,1484.927
2018-02-20,1486.83
2018-02-21,1483.355
2018-02-22,1484.106
2018-02-23,1480.346
2018-02-26,1489.303
2018-02-27,1479.826
2018-02-28,1456.939
2018-03-01,1435.708
2018-03-02,1425.84
2018-03-05,1454.971
2018-03-06,1452.303
2018-03-07,1449.257
2018-03-08,1457.934
2018-03-09,1462.282
2018-03-12,1470.395
2018-03-13,1464.523
2018-03-14,1458.911
2018-03-15,1458.948
2018-03-16,1455.597
2018-03-19,1447.862
2018-03-20,1447.094
2018-03-21,1436.847
2018-03-22,1422.228
2018-03-23,1414.594
2018-03-26,1409.12
2018-03-27,1424.66
2018-03-28,1437.619
2018-03-29,1429.452
2018-03-30,1429.452
2018-04-02,1433.419
2018-04-03,1409.072
2018-04-04,1397.985
2018-04-05,1422.219
2018-04-06,1418.607
2018-04-09,1426.184
2018-04-10,1440.76
2018-04-11,1432.787
2018-04-12,1433.702
2018-04-13,1435.108
2018-04-16,1435.178
2018-04-17,1440.988
2018-04-18,1439.425
2018-04-19,1434.987
2018-04-20,1424.611
2018-04-23,1419.806
2018-04-24,1415.618
2018-04-25,1404.026
2018-04-26,1414.256
2018-04-27,1415.043
2018-04-30,1420.543
2018-05-01,1411.984
2018-05-02,1408.386
2018-05-03,1398.511
2018-05-04,1405.548
2018-05-07,1417.514
2018-05-08,1414.254
2018-05-09,1416.504
2018-05-10,1416.998
2018-05-11,1422.681
2018-05-14,1426.298
2018-05-15,1420.02
2018-05-16,1418.945
2018-05-17,1418.896
2018-05-18,1416.188
2018-05-21,1416.968
2018-05-22,1421.084
2018-05-23,1399.815
2018-05-24,1400.838
2018-05-25,1397.921
2018-05-28,1398.117
2018-05-29,1375.339
2018-05-30,1372.571
2018-05-31,1362.428
2018-06-01,1380.604
2018-06-04,1383.54
2018-06-05,1368.025
2018-06-06,1371.564
2018-06-07,1375.19
2018-06-08,1365.198
2018-06-11,1382.648
2018-06-12,1385.875
2018-06-13,1383.337
2018-06-14,1381.326
2018-06-15,1371.289
2018-06-18,1351.52
2018-06-19,1343.821
2018-06-20,1360.537
2018-06-21,1349.414
2018-06-22,1376.941
2018-06-25,1356.075
2018-06-26,1356.449
2018-06-27,1353.954
2018-06-28,1344.827
2018-06-29,1374.968
2018-07-02,1361.711
2018-07-03,1381.326
2018-07-04,1387.456
2018-07-05,1389.806
2018-07-06,1397.639
2018-07-09,1403.617
2018-07-10,1400.287
2018-07-11,1387.691
2018-07-12,1399.622
2018-07-13,1401.585
2018-07-16,1406.017
2018-07-17,1402.42
2018-07-18,1418.856
2018-07-19,1418.382
2018-07-20,1437.396
2018-07-23,1436.799
2018-07-24,1441.433
2018-07-25,1441.243
2018-07-26,1461.59
2018-07-27,1465.485
2018-07-30,1471.548
2018-07-31,1470.84
2018-08-01,1466.691
2018-08-02,1462.293
2018-08-03,1464.642
2018-08-06,1458.605
2018-08-07,1468.995
2018-08-08,1465.854
2018-08-09,1465.368
2018-08-10,1442.611
2018-08-13,1438.378
2018-08-14,1441.506
2018-08-15,1427.268
2018-08-16,1437.341
2018-08-17,1438.445
2018-08-20,1448.572
2018-08-21,1460.407
2018-08-22,1462.344
2018-08-23,1460.131
2018-08-24,1463.638
2018-08-27,1472.9
2018-08-28,1476.783
2018-08-29,1480.205
2018-08-30,1477.128
2018-08-31,1472.862
2018-09-03,1475.264
2018-09-04,1456.385
2018-09-05,1449.177
2018-09-06,1447.287
2018-09-07,1451.517
2018-09-10,1459.062
2018-09-11,1452.932
2018-09-12,1465.161
2018-09-13,1469.456
2018-09-14,1473.986
2018-09-17,1473.264
2018-09-18,1468.794
2018-09-19,1464.546
2018-09-20,1485.857
2018-09-21,1490.678
2018-09-24,1478.404
2018-09-25,1483.623
2018-09-26,1486.703
2018-09-27,1481.13
2018-09-28,1477.851
2018-10-01,1472.596
2018-10-02,1466.736
2018-10-03,1473.469
2018-10-04,1458.18
2018-10-05,1447.077
2018-10-08,1434.76
2018-10-09,1435.52
2018-10-10,1431.797
2018-10-11,1389.573
2018-10-12,1389.933
2018-10-15,1395.411
2018-10-16,1414.665
2018-10-17,1401.321
2018-10-18,1402.804
2018-10-19,1422.076
2018-10-22,1422.609
2018-10-23,1411.064
2018-10-24,1401.768
2018-10-25,1393.435
2018-10-26,1391.098
2018-10-29,1400.654
2018-10-30,1412.397
2018-10-31,1435.309
2018-11-01,1437.829
2018-11-02,1430.98
2018-11-05,1433.026
2018-11-06,1432.034
2018-11-07,1446.246
2018-11-08,1449.535
2018-11-09,1444.207
2018-11-12,1425.465
2018-11-13,1430.257
2018-11-14,1417.912
2018-11-15,1410.693
2018-11-16,1422.245
2018-11-19,1419.087
2018-11-20,1416.036
2018-11-21,1424.488
2018-11-22,1416.42
2018-11-23,1423.617
2018-11-26,1433.581
2018-11-27,1428.556
2018-11-28,1425.817
2018-11-29,1449.407
2018-11-30,1447.633
2018-12-03,1459.452
2018-12-04,1459.186
2018-12-05,1433.88
2018-12-06,1400.091
2018-12-07,1414.365
2018-12-10,1388.045
2018-12-11,1410.853
2018-12-12,1433.509
2018-12-13,1423.313
2018-12-14,1403.501
2018-12-17,1389.586
2018-12-18,1378.971
2018-12-19,1379.921
2018-12-20,1360.658
2018-12-21,1366.865
2018-12-24,1369.007
2018-12-25,1369.007
2018-12-26,1368.522
2018-12-27,1330.477
2018-12-28,1374.249
2018-12-31,1372.227
2019-01-01,1372.227
2019-01-02,1368.687
2019-01-03,1377.008
2019-01-04,1403.667
2019-01-07,1394.38
2019-01-08,1411.654
2019-01-09,1424.969
2019-01-10,1438.555
2019-01-11,1439.541
2019-01-14,1431.687
2019-01-15,1435.402
2019-01-16,1435.657
2019-01-17,1435.522
2019-01-18,1449.357
2019-01-21,1442.953
2019-01-22,1437.719
2019-01-23,1440.089
2019-01-24,1436.617
2019-01-25,1435.822
2019-01-28,1429.59
2019-01-29,1439.327
2019-01-30,1442.34
2019-01-31,1453.916
2019-02-01,1454.339
2019-02-04,1450.816
2019-02-05,1469.774
2019-02-06,1466.361
2019-02-07,1450.0
2019-02-08,1447.357
2019-02-11,1450.917
2019-02-12,1454.005
2019-02-13,1458.451
2019-02-14,1460.072
2019-02-15,1476.044
2019-02-18,1486.574
2019-02-19,1488.08
2019-02-20,1501.614
2019-02-21,1507.062
2019-02-22,1506.172
2019-02-25,1510.888
2019-02-26,1519.086
2019-02-27,1513.339
2019-02-28,1515.176
2019-03-01,1515.007
2019-03-04,1514.296
2019-03-05,1510.796
2019-03-06,1511.027
2019-03-07,1501.854
2019-03-08,1494.577
2019-03-11,1499.927
2019-03-12,1502.386
2019-03-13,1515.461
2019-03-14,1531.45
2019-03-15,1532.148
2019-03-18,1538.365
2019-03-19,1543.077
2019-03-20,1539.074
2019-03-21,1547.656
2019-03-22,1525.359
2019-03-25,1526.51
2019-03-26,1539.927
2019-03-27,1538.954
2019-03-28,1539.688
2019-03-29,1547.596
2019-04-01,1552.934
2019-04-02,1550.371
2019-04-03,1557.857
2019-04-04,1552.383
2019-04-05,1551.71
2019-04-08,1554.73
2019-04-09,1560.842
2019-04-10,1552.539
2019-04-11,1549.642
2019-04-12,1539.876
2019-04-15,1545.384
2019-04-16,1549.354
2019-04-17,1546.952
2019-04-18,1535.118
2019-04-19,1535.118
2019-04-22,1531.717
2019-04-23,1536.387
2019-04-24,1545.897
2019-04-25,1548.735
2019-04-26,1554.464
2019-04-29,1556.015
2019-04-30,1562.386
2019-05-01,1568.775
2019-05-02,1555.581
2019-05-03,1558.541
2019-05-06,1552.802
2019-05-07,1534.532
2019-05-08,1548.429
2019-05-09,1524.64
2019-05-10,1534.97
2019-05-13,1526.803
2019-05-14,1528.888
2019-05-15,1541.426
2019-05-16,1569.208
2019-05-17,1566.701
2019-05-20,1561.358
2019-05-21,1564.698
2019-05-22,1569.473
2019-05-23,1568.583
2019-05-24,1586.697
2019-05-27,1591.931
2019-05-28,1578.002
2019-05-29,1559.165
2019-05-30,1557.773
2019-05-31,1561.119
2019-06-03,1586.268
2019-06-04,1588.037
2019-06-05,1606.515
2019-06-06,1611.56
2019-06-07,1624.975
2019-06-10,1620.379
2019-06-11,1627.584
2019-06-12,1628.924
2019-06-13,1627.347
2019-06-14,1620.122
2019-06-17,1618.861
2019-06-18,1637.498
2019-06-19,1640.645
2019-06-20,1667.523
2019-06-21,1658.882
2019-06-24,1670.085
2019-06-25,1668.734
2019-06-26,1652.891
2019-06-27,1654.683
2019-06-28,1664.725
2019-07-01,1659.207
2019-07-02,1665.354
2019-07-03,1674.65
2019-07-04,1676.396
2019-07-05,1652.973
2019-07-08,1654.361
2019-07-09,1650.056
2019-07-10,1651.433
2019-07-11,1642.558
2019-07-12,1629.17
2019-07-15,1638.237
2019-07-16,1638.407
2019-07-17,1655.581
2019-07-18,1671.329
2019-07-19,1665.941
2019-07-22,1667.658
2019-07-23,1667.23
2019-07-24,1657.077
2019-07-25,1644.429
2019-07-26,1657.749
2019-07-29,1660.673
2019-07-30,1651.429
2019-07-31,1659.974
2019-08-01,1652.879
2019-08-02,1654.239
2019-08-05,1636.022
2019-08-06,1620.613
2019-08-07,1626.484
2019-08-08,1655.992
2019-08-09,1664.422
2019-08-12,1673.476
2019-08-13,1670.876
2019-08-14,1649.588
2019-08-15,1639.81
2019-08-16,1654.662
2019-08-19,1668.858
2019-08-20,1661.308
2019-08-21,1671.053
2019-08-22,1658.656
2019-08-23,1654.24
2019-08-26,1654.554
2019-08-27,1662.363
2019-08-28,1659.7
2019-08-29,1667.152
2019-08-30,1668.422
2019-09-02,1671.603
2019-09-03,1664.736
2019-09-04,1683.432
2019-09-05,1686.888
2019-09-06,1702.36
2019-09-09,1687.107
2019-09-10,1678.981
2019-09-11,1682.819
2019-09-12,1686.895
2019-09-13,1678.868
2019-09-16,1656.694
2019-09-17,1665.13
2019-09-18,1663.828
2019-09-19,1675.439
2019-09-20,1673.239
2019-09-23,1672.823
2019-09-24,1677.479
2019-09-25,1661.872
2019-09-26,1673.641
2019-09-27,1678.57
2019-09-30,1676.593
2019-10-01,1654.971
2019-10-02,1622.022
2019-10-03,1626.698
2019-10-04,1640.301
2019-10-07,1656.917
2019-10-08,1639.56
2019-10-09,1642.314
2019-10-10,1650.444
2019-10-11,1659.822
2019-10-14,1653.239
2019-10-15,1659.906
2019-10-16,1659.329
2019-10-17,1666.478
2019-10-18,1660.773
2019-10-21,1661.917
2019-10-22,1663.052
2019-10-23,1661.716
2019-10-24,1675.833
2019-10-25,1686.792
2019-10-28,1685.197
2019-10-29,1693.628
2019-10-30,1700.402
2019-10-31,1700.396
2019-11-01,1706.418
2019-11-04,1715.771
2019-11-05,1695.581
2019-11-06,1705.21
2019-11-07,1700.584
2019-11-08,1694.89
2019-11-11,1699.042
2019-11-12,1701.17
2019-11-13,1708.176
2019-11-14,1697.797
2019-11-15,1707.863
2019-11-18,1717.628
2019-11-19,1716.439
2019-11-20,1715.343
2019-11-21,1708.892
2019-11-22,1704.173
2019-11-25,1718.869
2019-11-26,1721.021
2019-11-27,1724.33
2019-11-28,1725.205
2019-11-29,1718.347
2019-12-02,1705.386
2019-12-03,1696.85
2019-12-04,1708.708
2019-12-05,1714.503
2019-12-06,1726.904
2019-12-09,1727.977
2019-12-10,1723.388
2019-12-11,1725.57
2019-12-12,1730.472
2019-12-13,1734.7
2019-12-16,1751.076
2019-12-17,1756.172
2019-12-18,1756.344
2019-12-19,1765.06
2019-12-20,1778.831
2019-12-23,1785.549
2019-12-24,1788.554
2019-12-25,1788.554
2019-12-26,1786.914
2019-12-27,1797.918
2019-12-30,1790.333
2019-12-31,1791.812
2020-01-01,1791.812
2020-01-02,1790.426
2020-01-03,1803.417
2020-01-06,1802.499
2020-01-07,1798.026
2020-01-08,1791.485
2020-01-09,1787.181
2020-01-10,1784.241
2020-01-13,1787.254
2020-01-14,1796.29
2020-01-15,1805.831
2020-01-16,1814.148
2020-01-17,1834.409
2020-01-20,1832.302
2020-01-21,1841.212
2020-01-22,1837.62
2020-01-23,1826.325
2020-01-24,1828.465
2020-01-27,1802.256
2020-01-28,1813.021
2020-01-29,1823.095
2020-01-30,1817.64
2020-01-31,1804.615
2020-02-03,1807.738
2020-02-04,1822.33
2020-02-05,1847.53
2020-02-06,1847.128
2020-02-07,1843.789
2020-02-10,1847.8
2020-02-11,1854.211
2020-02-12,1849.616
2020-02-13,1842.874
2020-02-14,1846.616
2020-02-17,1852.56
2020-02-18,1850.68
2020-02-19,1866.519
2020-02-20,1850.85
2020-02-21,1848.82
2020-02-24,1787.01
2020-02-25,1750.952
2020-02-26,1753.121
2020-02-27,1716.272
2020-02-28,1658.292
2020-03-02,1693.482
2020-03-03,1731.782
2020-03-04,1763.431
2020-03-05,1755.209
2020-03-06,1709.587
2020-03-09,1635.422
2020-03-10,1628.187
2020-03-11,1612.737
2020-03-12,1444.71
2020-03-13,1460.196
2020-03-16,1456.623
2020-03-17,1479.432
2020-03-18,1444.058
2020-03-19,1513.566
2020-03-20,1477.424
2020-03-23,1402.684
2020-03-24,1482.411
2020-03-25,1525.151
2020-03-26,1581.116
2020-03-27,1566.109
2020-03-30,1596.338
2020-03-31,1603.226
2020-04-01,1589.17
2020-04-02,1603.356
2020-04-03,1597.353
2020-04-06,1630.349
2020-04-07,1642.577
2020-04-08,1631.61
2020-04-09,1634.983
2020-04-10,1634.983
2020-04-13,1631.099
2020-04-14,1660.983
2020-04-15,1624.858
2020-04-16,1644.38
2020-04-17,1678.984
2020-04-20,1710.015
2020-04-21,1666.1
2020-04-22,1680.915
2020-04-23,1675.664
2020-04-24,1677.574
2020-04-27,1694.359
2020-04-28,1711.817
2020-04-29,1702.303
2020-04-30,1678.604
2020-05-01,1688.488
2020-05-04,1641.912
2020-05-05,1652.955
2020-05-06,1662.109
2020-05-07,1663.082
2020-05-08,1686.885
2020-05-11,1688.112
2020-05-12,1704.52
2020-05-13,1682.832
2020-05-14,1651.246
2020-05-15,1659.805
2020-05-18,1698.345
2020-05-19,1696.08
2020-05-20,1708.771
2020-05-21,1697.153
2020-05-22,1674.307
2020-05-25,1694.057
2020-05-26,1696.595
2020-05-27,1672.81
2020-05-28,1716.51
2020-05-29,1712.643
2020-06-01,1713.089
2020-06-02,1726.834
2020-06-03,1756.28
2020-06-04,1746.058
2020-06-05,1749.342
2020-06-08,1757.069
2020-06-09,1782.003
2020-06-10,1783.117
2020-06-11,1746.219
2020-06-12,1717.193
2020-06-15,1727.237
2020-06-16,1755.863
2020-06-17,1788.241
2020-06-18,1786.998
2020-06-19,1800.8
2020-06-22,1788.784
2020-06-23,1812.337
2020-06-24,1766.601
2020-06-25,1775.295
2020-06-26,1765.659
2020-06-29,1766.885
2020-06-30,1767.708
2020-07-01,1781.126
2020-07-02,1793.06
2020-07-03,1783.231
2020-07-06,1814.648
2020-07-07,1803.225
2020-07-08,1807.983
2020-07-09,1799.673
2020-07-10,1816.525
2020-07-13,1825.056
2020-07-14,1819.361
2020-07-15,1845.979
2020-07-16,1841.461
2020-07-17,1846.674
2020-07-20,1855.619
2020-07-21,1855.259
2020-07-22,1869.746
2020-07-23,1869.968
2020-07-24,1842.925
2020-07-27,1861.878
2020-07-28,1868.23
2020-07-29,1874.263
2020-07-30,1851.194
2020-07-31,1836.107
2020-08-03,1850.455
2020-08-04,1849.953
2020-08-05,1855.311
2020-08-06,1840.475
2020-08-07,1837.198
2020-08-10,1836.377
2020-08-11,1842.645
2020-08-12,1876.825
2020-08-13,1875.054
2020-08-14,1859.055
2020-08-17,1877.561
2020-08-18,1874.411
2020-08-19,1888.89
2020-08-20,1876.057
2020-08-21,1866.957
2020-08-24,1886.28
2020-08-25,1874.498
2020-08-26,1891.378
2020-08-27,1876.437
2020-08-28,1872.396
2020-08-31,1876.615
2020-09-01,1871.25
2020-09-02,1899.774
2020-09-03,1873.456
2020-09-04,1847.877
2020-09-07,1871.539
2020-09-08,1860.392
2020-09-09,1896.364
2020-09-10,1904.877
2020-09-11,1909.977
2020-09-14,1917.632
2020-09-15,1925.516
2020-09-16,1932.573
2020-09-17,1921.048
2020-09-18,1925.922
2020-09-21,1879.456
2020-09-22,1879.408
2020-09-23,1865.327
2020-09-24,1837.165
2020-09-25,1838.185
2020-09-28,1854.115
2020-09-29,1851.487
2020-09-30,1848.653
2020-10-01,1856.853
2020-10-02,1859.41
2020-10-05,1876.185
2020-10-06,1862.25
2020-10-07,1848.748
2020-10-08,1860.481
2020-10-09,1882.979
2020-10-12,1897.171
2020-10-13,1883.583
2020-10-14,1877.946
2020-10-15,1834.732
2020-10-16,1856.658
2020-10-19,1862.057
2020-10-20,1861.443
2020-10-21,1840.872
2020-10-22,1832.996
2020-10-23,1839.187
2020-10-26,1832.696
2020-10-27,1817.971
2020-10-28,1763.508
2020-10-29,1739.982
2020-10-30,1745.251
2020-11-02,1774.971
2020-11-03,1825.572
2020-11-04,1877.406
2020-11-05,1887.86
2020-11-06,1903.485
2020-11-09,1886.908
2020-11-10,1870.379
2020-11-11,1891.87
2020-11-12,1895.124
2020-11-13,1895.135
2020-11-16,1908.96
2020-11-17,1909.333
2020-11-18,1910.976
2020-11-19,1891.86
2020-11-20,1893.322
2020-11-23,1878.051
2020-11-24,1887.325
2020-11-25,1891.82
2020-11-26,1900.875
2020-11-27,1906.113
2020-11-30,1897.891
2020-12-01,1900.342
2020-12-02,1908.64
2020-12-03,1904.91
2020-12-04,1907.72
2020-12-07,1915.13
2020-12-08,1919.351
2020-12-09,1924.421
2020-12-10,1925.256
2020-12-11,1919.336
2020-12-14,1918.387
2020-12-15,1916.592
2020-12-16,1940.707
2020-12-17,1957.456
2020-12-18,1954.758
2020-12-21,1910.098
2020-12-22,1924.394
2020-12-23,1923.914
2020-12-24,1920.46
2020-12-25,1920.46
2020-12-28,1958.962
2020-12-29,1983.464
2020-12-30,1991.049
2020-12-31,1988.684
2021-01-01,1988.684
2021-01-04,2005.169
2021-01-05,1996.394
2021-01-06,1995.46
2021-01-07,1990.704
2021-01-08,1997.871
2021-01-11,1990.655
2021-01-12,1995.458
2021-01-13,1994.512
2021-01-14,1993.881
2021-01-15,1996.1
2021-01-18,1997.896
2021-01-19,1998.796
2021-01-20,2005.886
2021-01-21,2010.268
2021-01-22,2015.724
2021-01-25,2009.441
2021-01-26,2022.054
2021-01-27,2008.223
2021-01-28,1999.893
2021-01-29,1948.012
2021-02-01,1963.223
2021-02-02,1966.881
2021-02-03,1960.183
2021-02-04,1965.656
2021-02-05,1950.856
2021-02-08,1956.406
2021-02-09,1973.983
2021-02-10,1985.091
2021-02-11,1990.541
2021-02-12,1993.322
2021-02-15,2006.864
2021-02-16,1997.738
2021-02-17,1965.001
2021-02-18,1951.405
2021-02-19,1951.55
2021-02-22,1946.839
2021-02-23,1921.972
2021-02-24,1922.305
2021-02-25,1921.396
2021-02-26,1892.97
2021-03-01,1908.325
2021-03-02,1924.602
2021-03-03,1912.304
2021-03-04,1904.452
2021-03-05,1869.029
2021-03-08,1895.698
2021-03-09,1913.822
2021-03-10,1922.809
2021-03-11,1929.794
2021-03-12,1913.655
2021-03-15,1921.584
2021-03-16,1939.431
2021-03-17,1933.386
2021-03-18,1946.867
2021-03-19,1944.612
2021-03-22,1973.38
2021-03-23,1962.157
2021-03-24,1950.628
2021-03-25,1948.598
2021-03-26,1949.477
2021-03-29,1950.318
2021-03-30,1947.105
2021-03-31,1939.082
2021-04-01,1945.98
2021-04-02,1945.98
2021-04-05,1959.065
2021-04-06,1978.341
2021-04-07,1981.222
2021-04-08,2002.774
2021-04-09,2012.296
2021-04-12,2007.961
2021-04-13,1998.809
2021-04-14,2003.185
2021-04-15,2013.882
2021-04-16,2033.163
2021-04-19,2037.509
2021-04-20,2020.86
2021-04-21,2036.854
2021-04-22,2044.157
2021-04-23,2039.933
2021-04-26,2037.342
2021-04-27,2029.42
2021-04-28,2028.477
2021-04-29,2030.496
2021-04-30,2017.229
2021-05-03,2037.936
2021-05-04,2007.579
2021-05-05,2027.817
2021-05-06,2038.565
2021-05-07,2063.884
2021-05-10,2062.864
2021-05-11,2032.997
2021-05-12,2025.611
2021-05-13,2030.974
2021-05-14,2055.003
2021-05-17,2063.264
2021-05-18,2073.942
2021-05-19,2050.15
2021-05-20,2071.959
2021-05-21,2088.872
2021-05-24,2093.3
2021-05-25,2107.709
2021-05-26,2116.56
2021-05-27,2109.42
2021-05-28,2118.52
2021-05-31,2109.258
2021-06-01,2130.057
2021-06-02,2130.43
2021-06-03,2124.137
2021-06-04,2148.565
2021-06-07,2163.211
2021-06-08,2172.963
2021-06-09,2197.917
2021-06-10,2201.179
2021-06-11,2199.919
2021-06-14,2202.923
2021-06-15,2215.092
2021-06-16,2224.417
2021-06-17,2190.542
2021-06-18,2160.939
2021-06-21,2181.891
2021-06-22,2174.799
2021-06-23,2168.594
2021-06-24,2179.605
2021-06-25,2187.628
2021-06-28,2183.423
2021-06-29,2183.5
2021-06-30,2159.791
2021-07-01,2165.084
2021-07-02,2166.965
2021-07-05,2169.593
2021-07-06,2165.625
2021-07-07,2183.754
2021-07-08,2183.381
2021-07-09,2190.27
2021-07-12,2207.058
2021-07-13,2202.347
2021-07-14,2197.105
2021-07-15,2181.128
2021-07-16,2188.483
2021-07-19,2165.573
2021-07-20,2168.767
2021-07-21,2189.084
2021-07-22,2176.956
2021-07-23,2199.212
2021-07-26,2194.18
2021-07-27,2196.735
2021-07-28,2204.258
2021-07-29,2225.531
2021-07-30,2232.668
2021-08-02,2247.328
2021-08-03,2245.336
2021-08-04,2241.145
2021-08-05,2243.691
2021-08-06,2218.485
2021-08-09,2231.07
2021-08-10,2232.34
2021-08-11,2240.111
2021-08-12,2241.318
2021-08-13,2267.153
2021-08-16,2272.373
2021-08-17,2278.578
2021-08-18,2282.075
2021-08-19,2260.007
2021-08-20,2260.957
2021-08-23,2282.877
2021-08-24,2279.601
2021-08-25,2259.103
2021-08-26,2258.306
2021-08-27,2277.535
2021-08-30,2272.791
2021-08-31,2266.854
2021-09-01,2273.691
2021-09-02,2273.455
2021-09-03,2262.265
2021-09-06,2269.822
2021-09-07,2249.355
2021-09-08,2217.463
2021-09-09,2209.407
2021-09-10,2203.019
2021-09-13,2196.106
2021-09-14,2204.0
2021-09-15,2186.692
2021-09-16,2181.077
2021-09-17,2152.419
2021-09-20,2129.761
2021-09-21,2147.234
2021-09-22,2154.716
2021-09-23,2172.842
2021-09-24,2144.396
2021-09-27,2117.764
2021-09-28,2075.398
2021-09-29,2091.751
2021-09-30,2096.086
2021-10-01,2091.087
2021-10-04,2105.736
2021-10-05,2095.771
2021-10-06,2094.919
2021-10-07,2128.854
2021-10-08,2130.859
2021-10-11,2132.169
2021-10-12,2123.816
2021-10-13,2141.006
2021-10-14,2161.479
2021-10-15,2175.081
2021-10-18,2174.481
2021-10-19,2172.345
2021-10-20,2190.038
2021-10-21,2200.609
2021-10-22,2207.742
2021-10-25,2199.189
2021-10-26,2212.68
2021-10-27,2210.966
2021-10-28,2233.689
2021-10-29,2227.421
2021-11-01,2253.072
2021-11-02,2263.041
2021-11-03,2285.237
2021-11-04,2289.363
2021-11-05,2273.479
2021-11-08,2277.569
2021-11-09,2282.396
2021-11-10,2279.871
2021-11-11,2272.544
2021-11-12,2284.949
2021-11-15,2283.355
2021-11-16,2274.914
2021-11-17,2278.687
2021-11-18,2279.047
2021-11-19,2275.418
2021-11-22,2256.814
2021-11-23,2227.376
2021-11-24,2223.357
2021-11-25,2232.489
2021-11-26,2220.651
2021-11-29,2217.725
2021-11-30,2204.216
2021-12-01,2235.089
2021-12-02,2223.006
2021-12-03,2221.864
2021-12-06,2244.387
2021-12-07,2267.879
2021-12-08,2293.665
2021-12-09,2289.989
2021-12-10,2300.656
2021-12-13,2286.742
2021-12-14,2258.969
2021-12-15,2276.463
2021-12-16,2333.062
2021-12-17,2318.731
2021-12-20,2301.965
2021-12-21,2306.346
2021-12-22,2322.209
2021-12-23,2336.012
2021-12-24,2342.759
2021-12-27,2356.614
2021-12-28,2374.355
2021-12-29,2379.776
2021-12-30,2368.57
2021-12-31,2375.328
2022-01-03,2367.919
2022-01-04,2372.533
2022-01-05,2365.036
2022-01-06,2333.782
2022-01-07,2332.459
2022-01-10,2277.664
2022-01-11,2297.374
2022-01-12,2313.665
2022-01-13,2316.609
2022-01-14,2294.889
2022-01-17,2310.26
2022-01-18,2285.735
2022-01-19,2283.766
2022-01-20,2295.638
2022-01-21,2269.949
2022-01-24,2174.294
2022-01-25,2174.814
2022-01-26,2195.364
2022-01-27,2184.789
2022-01-28,2176.02
2022-01-31,2195.63
2022-02-01,2238.306
2022-02-02,2250.795
2022-02-03,2226.809
2022-02-04,2194.717
2022-02-07,2207.192
2022-02-08,2194.932
2022-02-09,2234.508
2022-02-10,2223.382
2022-02-11,2208.113
2022-02-14,2169.391
2022-02-15,2194.17
2022-02-16,2203.071
2022-02-17,2191.509
2022-02-18,2180.398
2022-02-21,2173.877
2022-02-22,2171.297
2022-02-23,2177.926
2022-02-24,2097.91
2022-02-25,2160.893
2022-02-28,2189.417
2022-03-01,2165.47
2022-03-02,2156.659
2022-03-03,2128.0
2022-03-04,2068.37
2022-03-07,2035.68
2022-03-08,2008.257
2022-03-09,2094.99
2022-03-10,2072.052
2022-03-11,2074.66
2022-03-14,2100.827
2022-03-15,2092.455
2022-03-16,2129.68
2022-03-17,2179.421
2022-03-18,2207.821
2022-03-21,2212.494
2022-03-22,2213.468
2022-03-23,2194.415
2022-03-24,2206.267
2022-03-25,2204.538
2022-03-28,2203.473
2022-03-29,2239.27
2022-03-30,2246.788
2022-03-31,2236.542
2022-04-01,2228.937
2022-04-04,2261.351
2022-04-05,2262.119
2022-04-06,2241.079
2022-04-07,2250.729
2022-04-08,2275.963
2022-04-11,2294.843
2022-04-12,2270.43
2022-04-13,2260.476
2022-04-14,2256.622
2022-04-15,2256.622
2022-04-18,2255.068
2022-04-19,2205.722
2022-04-20,2216.414
2022-04-21,2201.934
2022-04-22,2186.922
2022-04-25,2158.948
2022-04-26,2127.228
2022-04-27,2128.388
2022-04-28,2128.588
2022-04-29,2140.137
2022-05-02,2100.193
2022-05-03,2101.581
2022-05-04,2070.713
2022-05-05,2065.478
2022-05-06,2041.222
2022-05-09,1972.653
2022-05-10,1993.37
2022-05-11,1997.654
2022-05-12,1973.969
2022-05-13,1988.849
2022-05-16,1988.88
2022-05-17,2020.037
2022-05-18,1998.375
2022-05-19,1981.698
2022-05-20,1976.251
2022-05-23,2024.204
2022-05-24,2041.738
2022-05-25,2035.402
2022-05-26,2039.534
2022-05-27,2075.231
2022-05-30,2089.835
2022-05-31,2066.95
2022-06-01,2032.724
2022-06-02,2048.662
2022-06-03,2040.945
2022-06-06,2032.917
2022-06-07,2018.166
2022-06-08,2000.849
2022-06-09,1964.672
2022-06-10,1910.981
2022-06-13,1866.858
2022-06-14,1828.76
2022-06-15,1838.306
2022-06-16,1847.004
2022-06-17,1837.786
2022-06-20,1855.688
2022-06-21,1860.736
2022-06-22,1881.45
2022-06-23,1871.925
2022-06-24,1943.533
2022-06-27,1956.253
2022-06-28,1934.26
2022-06-29,1948.635
2022-06-30,1927.662
2022-07-01,1923.518
2022-07-04,1945.904
2022-07-05,1900.007
2022-07-06,1924.746
2022-07-07,1934.744
2022-07-08,1939.23
2022-07-11,1935.312
2022-07-12,1939.592
2022-07-13,1919.908
2022-07-14,1886.203
2022-07-15,1931.12
2022-07-18,1944.621
2022-07-19,1972.456
2022-07-20,1955.617
2022-07-21,1972.013
2022-07-22,1986.151
2022-07-25,1984.072
2022-07-26,1988.831
2022-07-27,1976.153
2022-07-28,2003.57
2022-07-29,2014.216
2022-08-01,2019.942
2022-08-02,2006.965
2022-08-03,1993.913
2022-08-04,2012.0
2022-08-05,1983.831
2022-08-08,2010.438
2022-08-09,2008.271
2022-08-10,2035.349
2022-08-11,2039.105
2022-08-12,2021.913
2022-08-15,2032.8
2022-08-16,2005.578
2022-08-17,2001.555
2022-08-18,2006.575
2022-08-19,1997.078
2022-08-22,1977.676
2022-08-23,1951.119
2022-08-24,1960.23
2022-08-25,1972.268
2022-08-26,1951.281
2022-08-29,1930.917
2022-08-30,1915.5
2022-08-31,1909.479
2022-09-01,1859.623
2022-09-02,1906.778
2022-09-05,1890.687
2022-09-06,1887.521
2022-09-07,1885.267
2022-09-08,1898.161
2022-09-09,1940.625
2022-09-12,1974.999
2022-09-13,1940.037
2022-09-14,1915.609
2022-09-15,1912.46
2022-09-16,1883.653
2022-09-19,1880.084
2022-09-20,1854.232
2022-09-21,1847.175
2022-09-22,1796.529
2022-09-23,1772.502
2022-09-26,1745.497
2022-09-27,1757.373
2022-09-28,1787.933
2022-09-29,1774.998
2022-09-30,1791.28
2022-10-03,1781.548
2022-10-04,1848.053
2022-10-05,1821.128
2022-10-06,1800.025
2022-10-07,1782.029
2022-10-10,1760.354
2022-10-11,1756.334
2022-10-12,1753.393
2022-10-13,1744.966
2022-10-14,1763.688
2022-10-17,1804.495
2022-10-18,1820.252
2022-10-19,1786.762
2022-10-20,1788.754
2022-10-21,1773.177
2022-10-24,1810.257
2022-10-25,1847.661
2022-10-26,1870.152
2022-10-27,1844.884
2022-10-28,1843.667
2022-10-31,1846.169
2022-11-01,1840.337
2022-11-02,1845.861
2022-11-03,1804.703
2022-11-04,1843.79
2022-11-07,1852.11
2022-11-08,1872.058
2022-11-09,1888.601
2022-11-10,1956.805
2022-11-11,1998.084
2022-11-14,1976.132
2022-11-15,1980.711
2022-11-16,1971.883
2022-11-17,1945.778
2022-11-18,1974.605
2022-11-21,1965.25
2022-11-22,1976.795
2022-11-23,2003.276
2022-11-24,2011.405
2022-11-25,2006.67
2022-11-28,2010.396
2022-11-29,1978.622
2022-11-30,1985.369
2022-12-01,2033.059
2022-12-02,2021.074
2022-12-05,2023.385
2022-12-06,2005.004
2022-12-07,1985.924
2022-12-08,1991.932
2022-12-09,2010.317
2022-12-12,1997.031
2022-12-13,2034.978
2022-12-14,2047.992
2022-12-15,1985.712
2022-12-16,1959.837
2022-12-19,1959.74
2022-12-20,1954.307
2022-12-21,1985.989
2022-12-22,1965.109
2022-12-23,1963.69
2022-12-26,1963.69
2022-12-27,1979.589
2022-12-28,1975.897
2022-12-29,1994.09
2022-12-30,1967.546
2023-01-02,1967.546
2023-01-03,1982.745
2023-01-04,2030.802
2023-01-05,1998.791
2023-01-06,2026.991
2023-01-09,2066.006
2023-01-10,2046.475
2023-01-11,2044.546
2023-01-12,2060.01
2023-01-13,2068.329
2023-01-16,2095.646
2023-01-17,2102.134
2023-01-18,2110.077
2023-01-19,2081.678
2023-01-20,2078.919
2023-01-23,2094.416
2023-01-24,2091.008
2023-01-25,2096.621
2023-01-26,2074.158
2023-01-27,2072.019
2023-01-30,2082.278
2023-01-31,2076.76
2023-02-01,2072.696
2023-02-02,2080.075
2023-02-03,2080.631
2023-02-06,2057.824
2023-02-07,2058.243
2023-02-08,2071.851
2023-02-09,2064.583
2023-02-10,2037.554
2023-02-13,2059.539
2023-02-14,2060.973
2023-02-15,2058.567
2023-02-16,2040.925
2023-02-17,2049.534
2023-02-20,2061.688
2023-02-21,2058.583
2023-02-22,2055.969
2023-02-23,2036.109
2023-02-24,2010.363
2023-02-27,2022.819
2023-02-28,1998.778
2023-03-01,1987.223
2023-03-02,2004.12
2023-03-03,2011.344
2023-03-06,2014.74
2023-03-07,1983.98
2023-03-08,1977.066
2023-03-09,1980.371
2023-03-10,1988.082
2023-03-13,1984.434
2023-03-14,1996.965
2023-03-15,1941.56
2023-03-16,1973.62
2023-03-17,1959.523
2023-03-20,1968.383
2023-03-21,1998.106
2023-03-22,2000.022
2023-03-23,2009.139
2023-03-24,1986.806
2023-03-27,2017.106
2023-03-28,2016.975
2023-03-29,2043.739
2023-03-30,2068.095
2023-03-31,2081.338
2023-04-03,2081.781
2023-04-04,2089.536
2023-04-05,2106.274
2023-04-06,2127.253
2023-04-07,2127.253
2023-04-10,2111.143
2023-04-11,2133.476
2023-04-12,2150.172
2023-04-13,2173.14
2023-04-14,2178.208
2023-04-17,2163.758
2023-04-18,2173.727
2023-04-19,2174.285
2023-04-20,2191.314
2023-04-21,2207.033
2023-04-24,2227.498
2023-04-25,2226.874
2023-04-26,2203.947
2023-04-27,2184.982
2023-04-28,2215.532
2023-05-01,2202.172
2023-05-02,2202.513
2023-05-03,2238.481
2023-05-04,2229.669
2023-05-05,2234.284
2023-05-08,2247.925
2023-05-09,2238.389
2023-05-10,2223.979
2023-05-11,2226.064
2023-05-12,2227.151
2023-05-15,2232.551
2023-05-16,2220.036
2023-05-17,2195.763
2023-05-18,2180.004
2023-05-19,2212.206
2023-05-22,2215.672
2023-05-23,2200.246
2023-05-24,2171.974
2023-05-25,2158.953
2023-05-26,2175.066
2023-05-29,2182.283
2023-05-30,2150.523
2023-05-31,2115.498
2023-06-01,2143.164
2023-06-02,2174.552
2023-06-05,2169.393
2023-06-06,2173.9
2023-06-07,2153.009
2023-06-08,2161.201
2023-06-09,2149.114
2023-06-12,2140.805
2023-06-13,2154.342
2023-06-14,2164.257
2023-06-15,2179.841
2023-06-16,2195.973
2023-06-19,2176.319
2023-06-20,2153.295
2023-06-21,2156.15
2023-06-22,2153.753
2023-06-23,2158.947
2023-06-26,2151.223
2023-06-27,2148.545
2023-06-28,2153.938
2023-06-29,2151.412
2023-06-30,2177.944
2023-07-03,2162.583
2023-07-04,2162.196
2023-07-05,2153.104
2023-07-06,2117.289
2023-07-07,2110.433
2023-07-10,2123.492
2023-07-11,2145.259
2023-07-12,2191.435
2023-07-13,2213.844
2023-07-14,2228.559
2023-07-17,2201.201
2023-07-18,2231.136
2023-07-19,2229.14
2023-07-20,2226.672
2023-07-21,2227.148
2023-07-24,2221.662
2023-07-25,2229.657
2023-07-26,2227.918
2023-07-27,2251.16
2023-07-28,2243.994
2023-07-31,2243.845
2023-08-01,2222.818
2023-08-02,2199.779
2023-08-03,2178.901
2023-08-04,2187.576
2023-08-07,2183.389
2023-08-08,2171.326
2023-08-09,2173.805
2023-08-10,2194.885
2023-08-11,2176.304
2023-08-14,2172.047
2023-08-15,2155.086
2023-08-16,2150.559
2023-08-17,2132.095
2023-08-18,2117.275
2023-08-21,2120.029
2023-08-22,2125.426
2023-08-23,2146.019
2023-08-24,2141.207
2023-08-25,2127.067
2023-08-28,2146.372
2023-08-29,2168.398
2023-08-30,2176.806
2023-08-31,2166.136
2023-09-01,2153.234
2023-09-04,2147.334
2023-09-05,2117.74
2023-09-06,2102.466
2023-09-07,2116.805
2023-09-08,2111.603
2023-09-11,2117.068
2023-09-12,2114.756
2023-09-13,2111.391
2023-09-14,2129.143
2023-09-15,2140.494
2023-09-18,2119.891
2023-09-19,2114.762
2023-09-20,2141.466
2023-09-21,2109.793
2023-09-22,2088.346
2023-09-25,2071.449
2023-09-26,2057.862
2023-09-27,2028.02
2023-09-28,2039.305
2023-09-29,2052.664
2023-10-02,2024.656
2023-10-03,2002.199
2023-10-04,2004.981
2023-10-05,2022.123
2023-10-06,2026.58
2023-10-09,2039.735
2023-10-10,2077.746
2023-10-11,2095.507
2023-10-12,2074.149
2023-10-13,2064.262
2023-10-16,2070.876
2023-10-17,2060.657
2023-10-18,2040.834
2023-10-19,1999.58
2023-10-20,1993.368
2023-10-23,1986.653
2023-10-24,1991.345
2023-10-25,1992.244
2023-10-26,1975.779
2023-10-27,1956.797
2023-10-30,1969.308
2023-10-31,1953.229
2023-11-01,1974.14
2023-11-02,2000.302
2023-11-03,2013.768
2023-11-06,2016.703
2023-11-07,2008.455
2023-11-08,2018.805
2023-11-09,2026.637
2023-11-10,2002.337
2023-11-13,2009.347
2023-11-14,2056.499
2023-11-15,2068.299
2023-11-16,2052.813
2023-11-17,2071.742
2023-11-20,2077.403
2023-11-21,2091.259
2023-11-22,2092.056
2023-11-23,2102.231
2023-11-24,2111.755
2023-11-27,2102.878
2023-11-28,2096.807
2023-11-29,2112.338
2023-11-30,2133.496
2023-12-01,2131.773
2023-12-04,2141.026
2023-12-05,2141.499
2023-12-06,2148.978
2023-12-07,2134.738
2023-12-08,2147.456
2023-12-11,2157.415
2023-12-12,2168.426
2023-12-13,2174.669
2023-12-14,2202.484
2023-12-15,2196.937
2023-12-18,2187.995
2023-12-19,2205.275
2023-12-20,2200.947
2023-12-21,2209.67
2023-12-22,2216.768
2023-12-25,2216.768
2023-12-26,2217.287
2023-12-27,2234.73
2023-12-28,2248.91
2023-12-29,2250.589
2024-01-01,2250.589
2024-01-02,2232.026
2024-01-03,2231.264
2024-01-04,2248.631
2024-01-05,2246.923
2024-01-08,2256.6
2024-01-09,2244.532
2024-01-10,2246.356
2024-01-11,2216.835
2024-01-12,2242.438
2024-01-15,2226.842
2024-01-16,2221.904
2024-01-17,2187.751
2024-01-18,2191.076
2024-01-19,2184.367
2024-01-22,2206.144
2024-01-23,2177.971
2024-01-24,2207.044
2024-01-25,2199.259
2024-01-26,2250.124
2024-01-29,2257.313
2024-01-30,2259.921
2024-01-31,2253.296
2024-02-01,2221.843
2024-02-02,2216.277
2024-02-05,2209.48
2024-02-06,2205.936
2024-02-07,2195.475
2024-02-08,2175.201
2024-02-09,2161.265
2024-02-12,2175.074
2024-02-13,2143.762
2024-02-14,2157.731
2024-02-15,2186.813
2024-02-16,2189.622
2024-02-19,2204.312
2024-02-20,2220.705
2024-02-21,2212.34
2024-02-22,2195.436
2024-02-23,2219.02
2024-02-26,2211.09
2024-02-27,2210.421
2024-02-28,2203.875
2024-02-29,2205.617
2024-03-01,2205.496
2024-03-04,2203.77
2024-03-05,2206.192
2024-03-06,2224.749
2024-03-07,2247.347
2024-03-08,2270.259
2024-03-11,2269.283
2024-03-12,2282.503
2024-03-13,2290.417
2024-03-14,2271.409
2024-03-15,2263.542
2024-03-18,2248.631
2024-03-19,2233.331
2024-03-20,2233.05
2024-03-21,2228.509
2024-03-22,2221.661
2024-03-25,2222.224
2024-03-26,2218.471
2024-03-27,2217.307
2024-03-28,2234.829
2024-03-29,2234.829
2024-04-01,2224.579
2024-04-02,2195.975
2024-04-03,2199.317
2024-04-04,2216.253
2024-04-05,2186.553
2024-04-08,2188.077
2024-04-09,2184.895
2024-04-10,2163.805
2024-04-11,2160.062
2024-04-12,2148.09
2024-04-15,2144.688
2024-04-16,2113.325
2024-04-17,2121.016
2024-04-18,2123.688
2024-04-19,2144.355
2024-04-22,2154.004
2024-04-23,2182.69
2024-04-24,2155.268
2024-04-25,2134.779
2024-04-26,2148.092
2024-04-29,2153.267
2024-04-30,2127.484
2024-05-01,2122.393
2024-05-02,2124.134
2024-05-03,2154.919
2024-05-06,2162.89
2024-05-07,2192.589
2024-05-08,2206.48
2024-05-09,2209.643
2024-05-10,2236.831
2024-05-13,2246.366
2024-05-14,2246.848
2024-05-15,2271.157
2024-05-16,2280.598
2024-05-17,2294.209
2024-05-20,2289.413
2024-05-21,2281.425
2024-05-22,2259.599
2024-05-23,2260.038
2024-05-24,2250.635
2024-05-27,2258.368
2024-05-28,2247.779
2024-05-29,2228.173
2024-05-30,2270.163
2024-05-31,2297.468
2024-06-03,2313.765
2024-06-04,2331.936
2024-06-05,2346.478
2024-06-06,2370.631
2024-06-07,2361.561
2024-06-10,2335.796
2024-06-11,2317.834
2024-06-12,2357.14
2024-06-13,2335.366
2024-06-14,2337.878
2024-06-17,2325.363
2024-06-18,2352.271
2024-06-19,2355.927
2024-06-20,2353.217
2024-06-21,2322.778
2024-06-24,2348.889
2024-06-25,2332.908
2024-06-26,2310.626
2024-06-27,2308.938
2024-06-28,2301.88
2024-07-01,2298.48
2024-07-02,2294.9
2024-07-03,2302.713
2024-07-04,2314.919
2024-07-05,2309.578
2024-07-08,2320.09
2024-07-09,2316.549
2024-07-10,2333.8
2024-07-11,2367.671
2024-07-12,2387.233
2024-07-15,2368.036
2024-07-16,2361.702
2024-07-17,2404.019
2024-07-18,2394.689
2024-07-19,2368.686
2024-07-22,2389.86
2024-07-23,2377.206
2024-07-24,2385.961
2024-07-25,2377.54
2024-07-26,2394.225
2024-07-29,2379.731
2024-07-30,2394.123
2024-07-31,2416.522
2024-08-01,2433.524
2024-08-02,2393.863
2024-08-05,2353.496
2024-08-06,2336.628
2024-08-07,2367.659
2024-08-08,2365.682
2024-08-09,2372.826
2024-08-12,2364.375
2024-08-13,2381.941
2024-08-14,2418.713
2024-08-15,2412.483
2024-08-16,2427.229
2024-08-19,2457.609
2024-08-20,2473.291
2024-08-21,2482.425
2024-08-22,2496.279
2024-08-23,2514.382
2024-08-26,2521.146
2024-08-27,2521.847
2024-08-28,2535.354
2024-08-29,2529.445
2024-08-30,2534.051
2024-09-02,2529.152
2024-09-03,2511.636
2024-09-04,2483.648
2024-09-05,2450.332
2024-09-06,2443.921
2024-09-09,2442.705
2024-09-10,2439.165
2024-09-11,2428.57
2024-09-12,2423.153
2024-09-13,2452.065
2024-09-16,2452.398
2024-09-17,2456.42
2024-09-18,2446.805
2024-09-19,2455.692
2024-09-20,2423.219
2024-09-23,2437.675
2024-09-24,2461.021
2024-09-25,2473.638
2024-09-26,2489.477
2024-09-27,2512.387
2024-09-30,2494.347
2024-10-01,2472.848
2024-10-02,2464.312
2024-10-03,2432.792
2024-10-04,2414.915
2024-10-07,2423.934
2024-10-08,2419.489
2024-10-09,2437.196
2024-10-10,2432.833
2024-10-11,2450.472
2024-10-14,2454.442
2024-10-15,2448.819
2024-10-16,2436.913
2024-10-17,2456.679
2024-10-18,2461.332
2024-10-21,2448.628
2024-10-22,2430.207
2024-10-23,2422.224
2024-10-24,2429.89
2024-10-25,2431.978
2024-10-28,2440.705
2024-10-29,2404.058
2024-10-30,2381.988
2024-10-31,2351.343
2024-11-01,2370.763
2024-11-04,2377.939
2024-11-05,2367.341
2024-11-06,2333.538
2024-11-07,2356.719
2024-11-08,2328.237
2024-11-11,2332.122
2024-11-12,2288.279
2024-11-13,2283.481
2024-11-14,2287.979
2024-11-15,2254.96
2024-11-18,2263.168
2024-11-19,2255.368
2024-11-20,2245.892
2024-11-21,2255.836
2024-11-22,2257.109
2024-11-25,2266.797
2024-11-26,2257.563
2024-11-27,2278.424
2024-11-28,2285.294
2024-11-29,2301.813
2024-12-02,2296.147
2024-12-03,2305.229
2024-12-04,2299.898
2024-12-05,2311.1
2024-12-06,2315.793
2024-12-09,2315.104
2024-12-10,2275.928
2024-12-11,2278.687
2024-12-12,2274.071
2024-12-13,2257.828
2024-12-16,2262.359
2024-12-17,2264.118
2024-12-18,2248.389
2024-12-19,2192.779
2024-12-20,2194.847
2024-12-23,2201.118
2024-12-24,2199.286
2024-12-25,2199.286
2024-12-26,2200.263
2024-12-27,2217.828
2024-12-30,2207.355
2024-12-31,2208.33
2025-01-01,2208.33
2025-01-02,2197.177
2025-01-03,2201.573
2025-01-06,2228.31
2025-01-07,2246.926
2025-01-08,2248.082
2025-01-09,2256.411
2025-01-10,2220.684
2025-01-13,2195.244
2025-01-14,2208.805
2025-01-15,2229.394
2025-01-16,2260.808
2025-01-17,2265.713
2025-01-20,2288.999
2025-01-21,2304.833
2025-01-22,2324.625
2025-01-23,2330.316
2025-01-24,2346.44
2025-01-27,2380.678
2025-01-28,2375.991
2025-01-29,2385.648
2025-01-30,2398.582
2025-01-31,2393.662
2025-02-03,2375.078
2025-02-04,2376.202
2025-02-05,2408.19
2025-02-06,2404.41
2025-02-07,2388.163
2025-02-10,2390.863
2025-02-11,2395.063
2025-02-12,2399.059
2025-02-13,2467.178
2025-02-14,2466.538
2025-02-17,2464.495
2025-02-18,2466.753
2025-02-19,2444.979
2025-02-20,2458.469
2025-02-21,2486.238
2025-02-24,2493.304
2025-02-25,2517.478
2025-02-26,2518.637
2025-02-27,2486.696
2025-02-28,2490.322
2025-03-03,2532.323
2025-03-04,2528.869
2025-03-05,2549.518
2025-03-06,2539.563
2025-03-07,2571.931
2025-03-10,2552.575
2025-03-11,2500.349
2025-03-12,2528.961
2025-03-13,2515.034
2025-03-14,2531.466
2025-03-17,2572.078
2025-03-18,2584.827
2025-03-19,2571.39
2025-03-20,2574.534
2025-03-21,2568.724
2025-03-24,2550.799
2025-03-25,2558.905
2025-03-26,2541.893
2025-03-27,2539.909
2025-03-28,2539.105
2025-03-31,2483.473
2025-04-01,2506.997
2025-04-02,2487.598
2025-04-03,2505.337
2025-04-04,2376.861
2025-04-07,2242.535
2025-04-08,2312.938
2025-04-09,2264.798
2025-04-10,2356.38
2025-04-11,2415.164
2025-04-14,2463.323
2025-04-15,2492.371
2025-04-16,2496.924
2025-04-17,2496.615
2025-04-18,2496.615
2025-04-21,2534.323
2025-04-22,2523.351
2025-04-23,2512.92
2025-04-24,2539.012
2025-04-25,2534.481
2025-04-28,2565.89
2025-04-29,2577.647
2025-04-30,2599.423
2025-05-01,2566.319
2025-05-02,2622.256
2025-05-05,2621.638
2025-05-06,2614.736
2025-05-07,2601.588
2025-05-08,2568.048
2025-05-09,2567.969
2025-05-12,2550.558
2025-05-13,2545.351
2025-05-14,2542.986
2025-05-15,2571.04
2025-05-16,2587.692
2025-05-19,2618.345
2025-05-20,2632.333
2025-05-21,2648.263
2025-05-22,2610.841
2025-05-23,2623.214
2025-05-26,2652.113
2025-05-27,2632.58
2025-05-28,2605.186
2025-05-29,2610.082
2025-05-30,2628.716
2025-06-02,2638.601
2025-06-03,2626.578
2025-06-04,2654.864
2025-06-05,2652.022
2025-06-06,2651.637
2025-06-09,2656.8
2025-06-10,2653.594
2025-06-11,2652.643
2025-06-12,2677.235
2025-06-13,2643.452
2025-06-16,2634.38
2025-06-17,2601.259
2025-06-18,2584.131
2025-06-19,2561.744
2025-06-20,2564.868
2025-06-23,2573.666
2025-06-24,2628.189
2025-06-25,2602.086
2025-06-26,2624.136
2025-06-27,2647.226
2025-06-30,2646.436
2025-07-01,2666.453
2025-07-02,2671.179
2025-07-03,2658.808
2025-07-04,2666.313
2025-07-07,2651.523
2025-07-08,2652.136
2025-07-09,2668.675
2025-07-10,2686.903
2025-07-11,2648.021
2025-07-14,2646.849
2025-07-15,2625.889
2025-07-16,2616.089
2025-07-17,2626.111
2025-07-18,2646.275
2025-07-21,2645.441
2025-07-22,2639.209
2025-07-23,2685.057
2025-07-24,2672.524
2025-07-25,2644.874
2025-07-28,2620.012
2025-07-29,2610.776
2025-07-30,2593.827
2025-07-31,2566.927
2025-08-01,2584.431
2025-08-04,2574.413
2025-08-05,2585.196
2025-08-06,2560.978
2025-08-07,2578.775
2025-08-08,2582.355
2025-08-11,2566.726
2025-08-12,2580.589
2025-08-13,2616.486
2025-08-14,2610.789
2025-08-15,2632.801
2025-08-18,2625.967
2025-08-19,2660.182
2025-08-20,2685.729
2025-08-21,2663.777
2025-08-22,2690.095
2025-08-25,2672.676
2025-08-26,2660.983
2025-08-27,2671.623
2025-08-28,2680.83
2025-08-29,2684.563
2025-09-01,2678.9
2025-09-02,2652.074
2025-09-03,2675.444
2025-09-04,2704.976
2025-09-05,2732.796
2025-09-08,2733.099
2025-09-09,2721.391
2025-09-10,2699.736
2025-09-11,2721.232
2025-09-12,2697.47
2025-09-15,2692.646
2025-09-16,2686.028
2025-09-17,2686.538
2025-09-18,2679.892
2025-09-19,2684.965
2025-09-22,2692.555
2025-09-23,2688.264
2025-09-24,2655.574
2025-09-25,2612.692
2025-09-26,2630.055
2025-09-29,2650.145
2025-09-30,2677.06
2025-10-01,2727.392
2025-10-02,2738.485
2025-10-03,2766.485
2025-10-06,2774.744
2025-10-07,2760.481
2025-10-08,2780.229
2025-10-09,2760.824
2025-10-10,2732.948
2025-10-13,2732.065
2025-10-14,2731.43
2025-10-15,2763.397
2025-10-16,2814.86
2025-10-17,2811.698
2025-10-20,2815.358
2025-10-21,2795.346
2025-10-22,2793.604
2025-10-23,2780.758
2025-10-24,2781.919
2025-10-27,2766.872
2025-10-28,2742.121
2025-10-29,2720.531
2025-10-30,2697.274
2025-10-31,2679.497
2025-11-03,2661.834
2025-11-04,2671.262
2025-11-05,2676.748
2025-11-06,2675.648
2025-11-07,2684.519
2025-11-10,2712.518
2025-11-11,2791.701
2025-11-12,2822.149
2025-11-13,2825.461
2025-11-14,2799.632
2025-11-17,2784.107
2025-11-18,2750.329
2025-11-19,2741.273
2025-11-20,2736.025
2025-11-21,2747.374
2025-11-24,2755.103
2025-11-25,2779.784
2025-11-26,2798.982
2025-11-27,2801.488
2025-11-28,2809.853
2025-12-01,2815.248
2025-12-02,2815.522
2025-12-03,2823.257
2025-12-04,2829.705
2025-12-05,2824.4
2025-12-08,2823.357
2025-12-09,2816.842
2025-12-10,2830.77
2025-12-11,2855.444
2025-12-12,2845.966
2025-12-15,2882.289
2025-12-16,2883.565
2025-12-17,2884.719
2025-12-18,2911.125
2025-12-19,2912.632
2025-12-22,2923.297
2025-12-23,2949.946
2025-12-24,2953.685
2025-12-25,2953.685
2025-12-26,2953.685
2025-12-29,2951.352
2025-12-30,2951.086
2025-12-31,2946.243
2026-01-01,2946.243
2026-01-02,2953.326
2026-01-05,2935.665
2026-01-06,2948.378
2026-01-07,2943.572
2026-01-08,2943.899
2026-01-09,2949.888
2026-01-12,2968.999
2026-01-13,2941.134
2026-01-14,2969.203
2026-01-15,2954.688
2026-01-16,2944.111
2026-01-19,2935.788
2026-01-20,2938.827
2026-01-21,2922.134
2026-01-22,2948.946
2026-01-23,2937.838
2026-01-26,2994.03
2026-01-27,3035.406
2026-01-28,2984.058
2026-01-29,3018.706
2026-01-30,3020.815
2026-02-02,3026.451
2026-02-03,3042.629
2026-02-04,3062.493
2026-02-05,3053.92
2026-02-06,3066.245
2026-02-09,3104.01
2026-02-10,3108.231
2026-02-11,3081.85
2026-02-12,3103.224
2026-02-13,3108.915
2026-02-16,3125.257
2026-02-17,3132.182
2026-02-18,3147.639
2026-02-19,3130.554
2026-02-20,3145.238
2026-02-23,3148.878
2026-02-24,3172.201
2026-02-25,3173.561
2026-02-26,3158.575
2026-02-27,3199.981
2026-03-02,3114.171
2026-03-03,3001.76
2026-03-04,3043.548
2026-03-05,2992.61
2026-03-06,2959.952
2026-03-09,2941.416
2026-03-10,2970.911
2026-03-11,2926.256
2026-03-12,2896.676
2026-03-13,2876.811
2026-03-16,2888.802
2026-03-17,2916.677
2026-03-18,2859.304
2026-03-19,2780.098
2026-03-20,2762.706
2026-03-23,2783.24
2026-03-24,2798.147
2026-03-25,2842.663
2026-03-26,2821.955
2026-03-27,2796.538
2026-03-30,2807.967
2026-03-31,2820.801
2026-04-01,2905.589
2026-04-02,2882.097
2026-04-03,2882.097
2026-04-06,2885.709
2026-04-07,2833.939
2026-04-08,2946.113
2026-04-09,2949.251
2026-04-10,2965.944
2026-04-13,2962.777
2026-04-14,3020.147
2026-04-15,3001.098
2026-04-16,2979.61
2026-04-17,3057.613
2026-04-20,3038.896
2026-04-21,3002.478
2026-04-22,2973.521
2026-04-23,3019.659
2026-04-24,2993.163
2026-04-27,2998.362
2026-04-28,2969.676
2026-04-29,2945.415
2026-04-30,3003.552
2026-05-01,3015.312
2026-05-04,2974.346
2026-05-05,2987.983
2026-05-06,3051.516
2026-05-07,3025.347
2026-05-08,3014.284
2026-05-11,3015.926
2026-05-12,3008.407
2026-05-13,3023.123
2026-05-14,3021.193
2026-05-15,3010.053
2026-05-18,3016.4
2026-05-19,3031.128
2026-05-20,3051.712
2026-05-21,3054.603
2026-05-22,3079.015
2026-05-25,3090.22
2026-05-26,3083.764
2026-05-27,3101.72
2026-05-28,3081.958
2026-05-29,3103.6
2026-06-01,3025.536
2026-06-02,3027.12
2026-06-03,2993.174
2026-06-04,3027.979
2026-06-05,3017.694
2026-06-08,2996.524
2026-06-09,3004.475
2026-06-10,3025.193
2026-06-11,3032.247
2026-06-12,3086.827
2026-06-15,3100.25
2026-06-16,3107.271
2026-06-17,3119.502
2026-06-18,3073.428
2026-06-19,3055.384
2026-06-22,3071.873
2026-06-23,3082.191
2026-06-24,3116.613
2026-06-25,3152.86
2026-06-26,3142.352
2026-06-29,3161.632
2026-06-30,3161.561
2026-07-01,3135.448
2026-07-02,3213.231
2026-07-03,3223.942
2026-07-06,3182.425
2026-07-07,3200.21
2026-07-08,3147.029
2026-07-09,3162.147
2026-07-10,3159.371
2026-07-13,3150.487
2026-07-14,3161.68
2026-07-15,3176.719
2026-07-16,3164.058
2026-07-17,3188.649
2026-07-20,3156.435
2026-07-21,3155.149
2026-07-22,3153.595
2026-07-23,3118.767
2026-07-24,3140.891
2026-07-27,3156.733
2026-07-28,3191.502
2026-07-29,3166.979
2026-07-30,3197.338
2026-07-31,3179.433
2026-08-03,3177.408
2026-08-04,3201.602
2026-08-05,3231.673
2026-08-06,3211.748
2026-08-07,3231.791
2026-08-10,3247.769
2026-08-11,3226.57
2026-08-12,3197.285
2026-08-13,3203.55
2026-08-14,3182.866
2026-08-17,3170.28
2026-08-18,3167.199
2026-08-19,3220.929
2026-08-20,3229.996
2026-08-21,3241.173
2026-08-24,3231.816
2026-08-25,3248.808
2026-08-26,3236.891
2026-08-27,3212.406
2026-08-28,3201.637
2026-08-31,3172.296
2026-09-01,3165.927
2026-09-02,3168.809
2026-09-03,3189.486
2026-09-04,3180.693
2026-09-07,3158.659
2026-09-08,3117.059
2026-09-09,3063.753
2026-09-10,3036.23
2026-09-11,3027.828
2026-09-14,3042.597
2026-09-15,3022.945
2026-09-16,3038.994
2026-09-17,3039.303
2026-09-18,3004.957
2026-09-21,3055.478
2026-09-22,3053.953
2026-09-23,3034.249
2026-09-24,3016.119
2026-09-25,3024.946
2026-09-28,3008.177
2026-09-29,2990.859
2026-09-30,2970.872
